codec.type,codec.name,clustering.type,workflow.overall_rate,p_min_errors
DNAAeon,high,BasicSet,0.0,0.0
DNAAeon,high,BasicSet,0.01,0.0
DNAAeon,high,BasicSet,0.02,0.0012106772044010539
DNAAeon,high,BasicSet,0.030000000000000002,0.005751935747607367
DNAAeon,high,BasicSet,0.04,0.011349973548790459
DNAAeon,high,BasicSet,0.05,0.016620176662017663
DNAAeon,high,BasicSet,0.060000000000000005,0.023190496801808298
DNAAeon,high,BasicSet,0.07000000000000002,0.029721540903188574
DNAAeon,high,BasicSet,0.08,0.036020068185340155
DNAAeon,high,BasicSet,0.09,0.04307218775549464
DNAAeon,high,BasicSet,0.1,0.04979273206260654
DNAAeon,high,BasicSet,0.11,0.05735704323570433
DNAAeon,high,BasicSet,0.12000000000000001,0.06436781609195402
DNAAeon,high,BasicSet,0.13,0.07154330784398596
DNAAeon,high,BasicSet,0.14000000000000004,0.07826672437839657
DNAAeon,high,BasicSet,0.15000000000000002,0.08645217140383783
DNAAeon,high,CDHit,0.0,0.0
DNAAeon,high,CDHit,0.01,0.0
DNAAeon,high,CDHit,0.02,0.0
DNAAeon,high,CDHit,0.030000000000000002,0.0
DNAAeon,high,CDHit,0.04,0.0
DNAAeon,high,CDHit,0.05,0.0
DNAAeon,high,CDHit,0.060000000000000005,0.0
DNAAeon,high,CDHit,0.07000000000000002,0.0
DNAAeon,high,CDHit,0.08,2.905625290562529e-05
DNAAeon,high,CDHit,0.09,0.00012591042925770958
DNAAeon,high,CDHit,0.1,0.0005908104757477142
DNAAeon,high,CDHit,0.11,0.002004881450488145
DNAAeon,high,CDHit,0.12000000000000001,0.00487176507050984
DNAAeon,high,CDHit,0.13,0.011282643197229839
DNAAeon,high,CDHit,0.14000000000000004,0.021334102823065457
DNAAeon,high,CDHit,0.15000000000000002,0.038551435579281486
DNAAeon,high,Clover,0.0,0.002599544109801639
DNAAeon,high,Clover,0.01,0.0
DNAAeon,high,Clover,0.02,0.0
DNAAeon,high,Clover,0.030000000000000002,0.0
DNAAeon,high,Clover,0.04,0.0
DNAAeon,high,Clover,0.05,0.0
DNAAeon,high,Clover,0.060000000000000005,0.0
DNAAeon,high,Clover,0.07000000000000002,4.8427088176042154e-05
DNAAeon,high,Clover,0.08,0.0003558890011061415
DNAAeon,high,Clover,0.09,0.001142879280954595
DNAAeon,high,Clover,0.1,0.002597027845909681
DNAAeon,high,Clover,0.11,0.005434521233107296
DNAAeon,high,Clover,0.12000000000000001,0.0085990477564565
DNAAeon,high,Clover,0.13,0.01387920347125368
DNAAeon,high,Clover,0.14000000000000004,0.020333766171307652
DNAAeon,high,Clover,0.15000000000000002,0.028116767395010074
DNAAeon,high,LSH,0.0,0.0
DNAAeon,high,LSH,0.01,0.0
DNAAeon,high,LSH,0.02,0.0
DNAAeon,high,LSH,0.030000000000000002,0.0
DNAAeon,high,LSH,0.04,0.0
DNAAeon,high,LSH,0.05,0.0
DNAAeon,high,LSH,0.060000000000000005,0.0
DNAAeon,high,LSH,0.07000000000000002,1.937083527041686e-05
DNAAeon,high,LSH,0.08,0.00013466070312124272
DNAAeon,high,LSH,0.09,0.0006682938168293817
DNAAeon,high,LSH,0.1,0.0022603760881065747
DNAAeon,high,LSH,0.11,0.006408005617977528
DNAAeon,high,LSH,0.12000000000000001,0.011956607030759573
DNAAeon,high,LSH,0.13,0.018206256109481914
DNAAeon,high,LSH,0.14000000000000004,0.028905917411664542
DNAAeon,high,LSH,0.15000000000000002,0.04174816967529201
DNAAeon,high,Starcode,0.0,0.0
DNAAeon,high,Starcode,0.01,0.0
DNAAeon,high,Starcode,0.02,0.0
DNAAeon,high,Starcode,0.030000000000000002,0.0
DNAAeon,high,Starcode,0.04,0.0006155917856971096
DNAAeon,high,Starcode,0.05,0.007685278699562353
DNAAeon,high,Starcode,0.060000000000000005,0.01968076863474353
DNAAeon,high,Starcode,0.07000000000000002,0.02887222997055633
DNAAeon,high,Starcode,0.08,0.03571982023864869
DNAAeon,high,Starcode,0.09,0.04269332093599876
DNAAeon,high,Starcode,0.1,0.049967069580040296
DNAAeon,high,Starcode,0.11,0.05691338431202809
DNAAeon,high,Starcode,0.12000000000000001,0.06430148768014878
DNAAeon,high,Starcode,0.13,0.07156555090655509
DNAAeon,high,Starcode,0.14000000000000004,0.07851680854133603
DNAAeon,high,Starcode,0.15000000000000002,0.0852209878324436
DNAAeon,low,BasicSet,0.0,0.0
DNAAeon,low,BasicSet,0.01,3.2142765306384838e-06
DNAAeon,low,BasicSet,0.02,0.0014399958857260408
DNAAeon,low,BasicSet,0.030000000000000002,0.00570212656535267
DNAAeon,low,BasicSet,0.04,0.011227467921520224
DNAAeon,low,BasicSet,0.05,0.017077451207282265
DNAAeon,low,BasicSet,0.060000000000000005,0.02323921931651624
DNAAeon,low,BasicSet,0.07000000000000002,0.029500629998200006
DNAAeon,low,BasicSet,0.08,0.0364659672400936
DNAAeon,low,BasicSet,0.09,0.04355987554321273
DNAAeon,low,BasicSet,0.1,0.05045449870143228
DNAAeon,low,BasicSet,0.11,0.05800161999537144
DNAAeon,low,BasicSet,0.12000000000000001,0.06479981485767183
DNAAeon,low,BasicSet,0.13,0.07154136895516205
DNAAeon,low,BasicSet,0.14000000000000004,0.07940870168942375
DNAAeon,low,BasicSet,0.15000000000000002,0.0865958240119314
DNAAeon,low,CDHit,0.0,0.0
DNAAeon,low,CDHit,0.01,0.0
DNAAeon,low,CDHit,0.02,0.0
DNAAeon,low,CDHit,0.030000000000000002,0.0
DNAAeon,low,CDHit,0.04,0.0
DNAAeon,low,CDHit,0.05,0.0
DNAAeon,low,CDHit,0.060000000000000005,0.0
DNAAeon,low,CDHit,0.07000000000000002,0.0
DNAAeon,low,CDHit,0.08,1.9285659183830902e-05
DNAAeon,low,CDHit,0.09,0.00014785672040937026
DNAAeon,low,CDHit,0.1,0.000604283987760035
DNAAeon,low,CDHit,0.11,0.0018514232816477668
DNAAeon,low,CDHit,0.12000000000000001,0.004876057496978579
DNAAeon,low,CDHit,0.13,0.010925325927640206
DNAAeon,low,CDHit,0.14000000000000004,0.021895651726709355
DNAAeon,low,CDHit,0.15000000000000002,0.03719560801254854
DNAAeon,low,Clover,0.0,0.0038841750136616943
DNAAeon,low,Clover,0.01,3.2158166727231215e-06
DNAAeon,low,Clover,0.02,6.4285530612769675e-06
DNAAeon,low,Clover,0.030000000000000002,0.0
DNAAeon,low,Clover,0.04,0.0
DNAAeon,low,Clover,0.05,3.2142765306384838e-06
DNAAeon,low,Clover,0.060000000000000005,1.9285659183830902e-05
DNAAeon,low,Clover,0.07000000000000002,9.9642572449793e-05
DNAAeon,low,Clover,0.08,0.0004885700326570496
DNAAeon,low,Clover,0.09,0.0012310679112345392
DNAAeon,low,Clover,0.1,0.0028832060479827204
DNAAeon,low,Clover,0.11,0.005522127079636915
DNAAeon,low,Clover,0.12000000000000001,0.009681400910283113
DNAAeon,low,Clover,0.13,0.014743886446038726
DNAAeon,low,Clover,0.14000000000000004,0.02158386690323742
DNAAeon,low,Clover,0.15000000000000002,0.029992414307387694
DNAAeon,low,LSH,0.0,0.0
DNAAeon,low,LSH,0.01,0.0
DNAAeon,low,LSH,0.02,0.0
DNAAeon,low,LSH,0.030000000000000002,0.0
DNAAeon,low,LSH,0.04,0.0
DNAAeon,low,LSH,0.05,0.0
DNAAeon,low,LSH,0.060000000000000005,3.23599461530496e-06
DNAAeon,low,LSH,0.07000000000000002,1.2857106122553935e-05
DNAAeon,low,LSH,0.08,0.00017357093265447812
DNAAeon,low,LSH,0.09,0.0009486659184533208
DNAAeon,low,LSH,0.1,0.0029057059836971894
DNAAeon,low,LSH,0.11,0.006249333544444911
DNAAeon,low,LSH,0.12000000000000001,0.013079308702147586
DNAAeon,low,LSH,0.13,0.02110475062508225
DNAAeon,low,LSH,0.14000000000000004,0.03223025555888563
DNAAeon,low,LSH,0.15000000000000002,0.04816236894802969
DNAAeon,low,Starcode,0.0,0.0
DNAAeon,low,Starcode,0.01,0.0
DNAAeon,low,Starcode,0.02,0.0
DNAAeon,low,Starcode,0.030000000000000002,0.0
DNAAeon,low,Starcode,0.04,0.0007135693898017433
DNAAeon,low,Starcode,0.05,0.009652472421507368
DNAAeon,low,Starcode,0.060000000000000005,0.02130743912160251
DNAAeon,low,Starcode,0.07000000000000002,0.029783486332896195
DNAAeon,low,Starcode,0.08,0.03706060839826172
DNAAeon,low,Starcode,0.09,0.043682018051376996
DNAAeon,low,Starcode,0.1,0.05035485612898249
DNAAeon,low,Starcode,0.11,0.057316979094345445
DNAAeon,low,Starcode,0.12000000000000001,0.06424695929440202
DNAAeon,low,Starcode,0.13,0.07176515209956544
DNAAeon,low,Starcode,0.14000000000000004,0.07928977345779012
DNAAeon,low,Starcode,0.15000000000000002,0.08611046825580498
DNAAeon,medium,BasicSet,0.0,0.0
DNAAeon,medium,BasicSet,0.01,0.0
DNAAeon,medium,BasicSet,0.02,0.0012985677183779474
DNAAeon,medium,BasicSet,0.030000000000000002,0.005902454178316248
DNAAeon,medium,BasicSet,0.04,0.011211396538867033
DNAAeon,medium,BasicSet,0.05,0.01702280850626141
DNAAeon,medium,BasicSet,0.060000000000000005,0.02300136285324899
DNAAeon,medium,BasicSet,0.07000000000000002,0.029899200287999174
DNAAeon,medium,BasicSet,0.08,0.03663793103448276
DNAAeon,medium,BasicSet,0.09,0.043289876314639104
DNAAeon,medium,BasicSet,0.1,0.0501555709840829
DNAAeon,medium,BasicSet,0.11,0.057709120831083344
DNAAeon,medium,BasicSet,0.12000000000000001,0.06530767054951271
DNAAeon,medium,BasicSet,0.13,0.07228907917405951
DNAAeon,medium,BasicSet,0.14000000000000004,0.07949548715575099
DNAAeon,medium,BasicSet,0.15000000000000002,0.08683689475172927
DNAAeon,medium,CDHit,0.0,0.0
DNAAeon,medium,CDHit,0.01,0.0
DNAAeon,medium,CDHit,0.02,0.0
DNAAeon,medium,CDHit,0.030000000000000002,0.0
DNAAeon,medium,CDHit,0.04,0.0
DNAAeon,medium,CDHit,0.05,0.0
DNAAeon,medium,CDHit,0.060000000000000005,0.0
DNAAeon,medium,CDHit,0.07000000000000002,0.0
DNAAeon,medium,CDHit,0.08,1.9285659183830902e-05
DNAAeon,medium,CDHit,0.09,0.00013499961428681633
DNAAeon,medium,CDHit,0.1,0.0006557124122502508
DNAAeon,medium,CDHit,0.11,0.0017733250491871182
DNAAeon,medium,CDHit,0.12000000000000001,0.005014271387796035
DNAAeon,medium,CDHit,0.13,0.009938543032734193
DNAAeon,medium,CDHit,0.14000000000000004,0.020860654683843762
DNAAeon,medium,CDHit,0.15000000000000002,0.036925608783974904
DNAAeon,medium,Clover,0.0,0.002619966905681191
DNAAeon,medium,Clover,0.01,6.47198923060992e-05
DNAAeon,medium,Clover,0.02,0.0
DNAAeon,medium,Clover,0.030000000000000002,0.0
DNAAeon,medium,Clover,0.04,0.0
DNAAeon,medium,Clover,0.05,0.0
DNAAeon,medium,Clover,0.060000000000000005,1.941596769182976e-05
DNAAeon,medium,Clover,0.07000000000000002,8.413585999792896e-05
DNAAeon,medium,Clover,0.08,0.00038571318367661806
DNAAeon,medium,Clover,0.09,0.0011764252102136853
DNAAeon,medium,Clover,0.1,0.0028217873045459255
DNAAeon,medium,Clover,0.11,0.005335699040859883
DNAAeon,medium,Clover,0.12000000000000001,0.009242000621310966
DNAAeon,medium,Clover,0.13,0.014348530432770191
DNAAeon,medium,Clover,0.14000000000000004,0.02031557419488454
DNAAeon,medium,Clover,0.15000000000000002,0.028594204016559956
DNAAeon,medium,LSH,0.0,0.0
DNAAeon,medium,LSH,0.01,0.0
DNAAeon,medium,LSH,0.02,0.0
DNAAeon,medium,LSH,0.030000000000000002,0.0
DNAAeon,medium,LSH,0.04,0.0
DNAAeon,medium,LSH,0.05,0.0
DNAAeon,medium,LSH,0.060000000000000005,0.0
DNAAeon,medium,LSH,0.07000000000000002,1.2857106122553935e-05
DNAAeon,medium,LSH,0.08,0.00013591177384280833
DNAAeon,medium,LSH,0.09,0.001054934244589417
DNAAeon,medium,LSH,0.1,0.002365707526549924
DNAAeon,medium,LSH,0.11,0.006286310528281956
DNAAeon,medium,LSH,0.12000000000000001,0.013037255837357783
DNAAeon,medium,LSH,0.13,0.020597084008331407
DNAAeon,medium,LSH,0.14000000000000004,0.031993155344231486
DNAAeon,medium,LSH,0.15000000000000002,0.044158626475699646
DNAAeon,medium,Starcode,0.0,0.0
DNAAeon,medium,Starcode,0.01,0.0
DNAAeon,medium,Starcode,0.02,0.0
DNAAeon,medium,Starcode,0.030000000000000002,0.0
DNAAeon,medium,Starcode,0.04,0.0007071408367404665
DNAAeon,medium,Starcode,0.05,0.009164336750543647
DNAAeon,medium,Starcode,0.060000000000000005,0.020755669462566014
DNAAeon,medium,Starcode,0.07000000000000002,0.02971920080228342
DNAAeon,medium,Starcode,0.08,0.03674148286217252
DNAAeon,medium,Starcode,0.09,0.043414103758931344
DNAAeon,medium,Starcode,0.1,0.05060448379413896
DNAAeon,medium,Starcode,0.11,0.057612692535164184
DNAAeon,medium,Starcode,0.12000000000000001,0.06506338553318419
DNAAeon,medium,Starcode,0.13,0.07203836560466971
DNAAeon,medium,Starcode,0.14000000000000004,0.07943763017819949
DNAAeon,medium,Starcode,0.15000000000000002,0.08635475327213352
DNAFountain,high,BasicSet,0.0,0.0
DNAFountain,high,BasicSet,0.01,9.646550393579256e-06
DNAFountain,high,BasicSet,0.02,0.0014952153110047847
DNAFountain,high,BasicSet,0.030000000000000002,0.005816869887328291
DNAFountain,high,BasicSet,0.04,0.011305757061274888
DNAFountain,high,BasicSet,0.05,0.01738308380922982
DNAFountain,high,BasicSet,0.060000000000000005,0.023556876061120544
DNAFountain,high,BasicSet,0.07000000000000002,0.029759607964192004
DNAFountain,high,BasicSet,0.08,0.03718745176724803
DNAFountain,high,BasicSet,0.09,0.04421978700416731
DNAFountain,high,BasicSet,0.1,0.051281061892267325
DNAFountain,high,BasicSet,0.11,0.05824587127643155
DNAFountain,high,BasicSet,0.12000000000000001,0.06591487883932706
DNAFountain,high,BasicSet,0.13,0.07224301589751504
DNAFountain,high,BasicSet,0.14000000000000004,0.07940075628955086
DNAFountain,high,BasicSet,0.15000000000000002,0.08655849668158666
DNAFountain,high,CDHit,0.0,0.0
DNAFountain,high,CDHit,0.01,0.0
DNAFountain,high,CDHit,0.02,0.0
DNAFountain,high,CDHit,0.030000000000000002,0.0
DNAFountain,high,CDHit,0.04,0.0
DNAFountain,high,CDHit,0.05,0.0
DNAFountain,high,CDHit,0.060000000000000005,0.0
DNAFountain,high,CDHit,0.07000000000000002,9.646550393579256e-06
DNAFountain,high,CDHit,0.08,5.7879302361475544e-05
DNAFountain,high,CDHit,0.09,0.0002604568606266399
DNAFountain,high,CDHit,0.1,0.0005305602716468591
DNAFountain,high,CDHit,0.11,0.002295878993671863
DNAFountain,high,CDHit,0.12000000000000001,0.005373128569223646
DNAFountain,high,CDHit,0.13,0.012202886247877758
DNAFountain,high,CDHit,0.14000000000000004,0.023421824355610434
DNAFountain,high,CDHit,0.15000000000000002,0.0401778823892576
DNAFountain,high,Clover,0.0,0.002870990345686702
DNAFountain,high,Clover,0.01,5.7879302361475544e-05
DNAFountain,high,Clover,0.02,0.00016399135669084735
DNAFountain,high,Clover,0.030000000000000002,1.9293100787158512e-05
DNAFountain,high,Clover,0.04,0.0
DNAFountain,high,Clover,0.05,5.7879302361475544e-05
DNAFountain,high,Clover,0.060000000000000005,4.8232751967896285e-05
DNAFountain,high,Clover,0.07000000000000002,0.00012540515511653033
DNAFountain,high,Clover,0.08,0.0005594999228275968
DNAFountain,high,Clover,0.09,0.0015723877141534189
DNAFountain,high,Clover,0.1,0.0032123012810618924
DNAFountain,high,Clover,0.11,0.00545030097237228
DNAFountain,high,Clover,0.12000000000000001,0.00920280907547461
DNAFountain,high,Clover,0.13,0.015434480629726811
DNAFountain,high,Clover,0.14000000000000004,0.021453928075320268
DNAFountain,high,Clover,0.15000000000000002,0.02899753048309924
DNAFountain,high,LSH,0.0,0.0
DNAFountain,high,LSH,0.01,0.0
DNAFountain,high,LSH,0.02,0.0
DNAFountain,high,LSH,0.030000000000000002,0.0
DNAFountain,high,LSH,0.04,0.0
DNAFountain,high,LSH,0.05,0.0
DNAFountain,high,LSH,0.060000000000000005,9.646550393579256e-06
DNAFountain,high,LSH,0.07000000000000002,9.646550393579256e-06
DNAFountain,high,LSH,0.08,0.00018328445747800586
DNAFountain,high,LSH,0.09,0.0007524309306991819
DNAFountain,high,LSH,0.1,0.002450223799969131
DNAFountain,high,LSH,0.11,0.007267893184288154
DNAFountain,high,LSH,0.12000000000000001,0.011147118538185225
DNAFountain,high,LSH,0.13,0.01930886217055498
DNAFountain,high,LSH,0.14000000000000004,0.032978146634414875
DNAFountain,high,LSH,0.15000000000000002,0.04445264948084497
DNAFountain,high,Starcode,0.0,0.0
DNAFountain,high,Starcode,0.01,0.0
DNAFountain,high,Starcode,0.02,0.0
DNAFountain,high,Starcode,0.030000000000000002,0.0
DNAFountain,high,Starcode,0.04,0.0009839481401450842
DNAFountain,high,Starcode,0.05,0.009308921129803983
DNAFountain,high,Starcode,0.060000000000000005,0.02182049699027628
DNAFountain,high,Starcode,0.07000000000000002,0.029856073468127797
DNAFountain,high,Starcode,0.08,0.037496141379842564
DNAFountain,high,Starcode,0.09,0.044441657663219634
DNAFountain,high,Starcode,0.1,0.05103025158203427
DNAFountain,high,Starcode,0.11,0.058380922981941655
DNAFountain,high,Starcode,0.12000000000000001,0.06616568914956011
DNAFountain,high,Starcode,0.13,0.072358774502238
DNAFountain,high,Starcode,0.14000000000000004,0.0796129803982096
DNAFountain,high,Starcode,0.15000000000000002,0.08801512579101714
DNAFountain,low,BasicSet,0.0,0.0
DNAFountain,low,BasicSet,0.01,6.45944758804227e-06
DNAFountain,low,BasicSet,0.02,0.0015922538304524198
DNAFountain,low,BasicSet,0.030000000000000002,0.006139704932434179
DNAFountain,low,BasicSet,0.04,0.011423533059452757
DNAFountain,low,BasicSet,0.05,0.017249954783866882
DNAFountain,low,BasicSet,0.060000000000000005,0.023773996847789577
DNAFountain,low,BasicSet,0.07000000000000002,0.030540268196263858
DNAFountain,low,BasicSet,0.08,0.03693189158463168
DNAFountain,low,BasicSet,0.09,0.04391455442730538
DNAFountain,low,BasicSet,0.1,0.0507034338423378
DNAFountain,low,BasicSet,0.11,0.057812055912978326
DNAFountain,low,BasicSet,0.12000000000000001,0.06522750174405086
DNAFountain,low,BasicSet,0.13,0.07256543420406687
DNAFountain,low,BasicSet,0.14000000000000004,0.07986138025476061
DNAFountain,low,BasicSet,0.15000000000000002,0.08692478619228483
DNAFountain,low,CDHit,0.0,0.0001004172173417295
DNAFountain,low,CDHit,0.01,0.0001004172173417295
DNAFountain,low,CDHit,0.02,9.389245752175715e-05
DNAFountain,low,CDHit,0.030000000000000002,0.0001455519329296693
DNAFountain,low,CDHit,0.04,1.9387860614207424e-05
DNAFountain,low,CDHit,0.05,2.58631837579206e-05
DNAFountain,low,CDHit,0.060000000000000005,6.136475208640157e-05
DNAFountain,low,CDHit,0.07000000000000002,9.689171382063406e-06
DNAFountain,low,CDHit,0.08,5.167558070433816e-05
DNAFountain,low,CDHit,0.09,0.00016148618970105678
DNAFountain,low,CDHit,0.1,0.0006136475208640157
DNAFountain,low,CDHit,0.11,0.0021574554944061184
DNAFountain,low,CDHit,0.12000000000000001,0.005325814536340852
DNAFountain,low,CDHit,0.13,0.012066248094462962
DNAFountain,low,CDHit,0.14000000000000004,0.023971009999224867
DNAFountain,low,CDHit,0.15000000000000002,0.03946399503914425
DNAFountain,low,Clover,0.0,0.00718303536060422
DNAFountain,low,Clover,0.01,5.1751798374993537e-05
DNAFountain,low,Clover,0.02,3.229723794021135e-05
DNAFountain,low,Clover,0.030000000000000002,1.937834276412681e-05
DNAFountain,low,Clover,0.04,3.229723794021135e-06
DNAFountain,low,Clover,0.05,9.689171382063406e-06
DNAFountain,low,Clover,0.060000000000000005,5.167558070433816e-05
DNAFountain,low,Clover,0.07000000000000002,0.00020993204661137377
DNAFountain,low,Clover,0.08,0.00059749890189391
DNAFountain,low,Clover,0.09,0.001456605431103532
DNAFountain,low,Clover,0.1,0.003429966669250446
DNAFountain,low,Clover,0.11,0.006307650569723278
DNAFountain,low,Clover,0.12000000000000001,0.010658088520269747
DNAFountain,low,Clover,0.13,0.015373485259540605
DNAFountain,low,Clover,0.14000000000000004,0.022278634731157793
DNAFountain,low,Clover,0.15000000000000002,0.03077280830943338
DNAFountain,low,LSH,0.0,2.9081790921311136e-05
DNAFountain,low,LSH,0.01,1.291889517608454e-05
DNAFountain,low,LSH,0.02,0.0
DNAFountain,low,LSH,0.030000000000000002,0.0
DNAFountain,low,LSH,0.04,0.0
DNAFountain,low,LSH,0.05,0.0
DNAFountain,low,LSH,0.060000000000000005,0.0
DNAFountain,low,LSH,0.07000000000000002,3.229723794021135e-05
DNAFountain,low,LSH,0.08,0.00020347259902333154
DNAFountain,low,LSH,0.09,0.0008461876340335374
DNAFountain,low,LSH,0.1,0.002735576053535902
DNAFountain,low,LSH,0.11,0.007025526186346338
DNAFountain,low,LSH,0.12000000000000001,0.012557744212602513
DNAFountain,low,LSH,0.13,0.021538299107849865
DNAFountain,low,LSH,0.14000000000000004,0.03298601720127657
DNAFountain,low,LSH,0.15000000000000002,0.04606995371525179
DNAFountain,low,Starcode,0.0,0.0
DNAFountain,low,Starcode,0.01,0.0
DNAFountain,low,Starcode,0.02,0.0
DNAFountain,low,Starcode,0.030000000000000002,0.0
DNAFountain,low,Starcode,0.04,0.001149781670671524
DNAFountain,low,Starcode,0.05,0.010535359016096944
DNAFountain,low,Starcode,0.060000000000000005,0.022207580807689326
DNAFountain,low,Starcode,0.07000000000000002,0.030020282665426452
DNAFountain,low,Starcode,0.08,0.03711275611709687
DNAFountain,low,Starcode,0.09,0.04395331111283363
DNAFountain,low,Starcode,0.1,0.05100702787897579
DNAFountain,low,Starcode,0.11,0.05811887967341033
DNAFountain,low,Starcode,0.12000000000000001,0.06524042063922693
DNAFountain,low,Starcode,0.13,0.07233289409089734
DNAFountain,low,Starcode,0.14000000000000004,0.07951579980880034
DNAFountain,low,Starcode,0.15000000000000002,0.08684081337364029
DNAFountain,medium,BasicSet,0.0,0.0
DNAFountain,medium,BasicSet,0.01,0.0
DNAFountain,medium,BasicSet,0.02,0.0015513956123184673
DNAFountain,medium,BasicSet,0.030000000000000002,0.005800030899165723
DNAFountain,medium,BasicSet,0.04,0.011400504686373469
DNAFountain,medium,BasicSet,0.05,0.017734833659491196
DNAFountain,medium,BasicSet,0.060000000000000005,0.023850293542074363
DNAFountain,medium,BasicSet,0.07000000000000002,0.029991502729426307
DNAFountain,medium,BasicSet,0.08,0.03686656710268823
DNAFountain,medium,BasicSet,0.09,0.04400556184983005
DNAFountain,medium,BasicSet,0.1,0.0510415593778968
DNAFountain,medium,BasicSet,0.11,0.057923061077350915
DNAFountain,medium,BasicSet,0.12000000000000001,0.06520367700072098
DNAFountain,medium,BasicSet,0.13,0.07188562158821712
DNAFountain,medium,BasicSet,0.14000000000000004,0.07984859408795962
DNAFountain,medium,BasicSet,0.15000000000000002,0.08660778658976208
DNAFountain,medium,CDHit,0.0,4.5105417805041496e-05
DNAFountain,medium,CDHit,0.01,3.8661786690035565e-05
DNAFountain,medium,CDHit,0.02,2.5774524460023713e-05
DNAFountain,medium,CDHit,0.030000000000000002,2.5774524460023713e-05
DNAFountain,medium,CDHit,0.04,2.5774524460023713e-05
DNAFountain,medium,CDHit,0.05,0.0
DNAFountain,medium,CDHit,0.060000000000000005,0.0
DNAFountain,medium,CDHit,0.07000000000000002,6.4373261921928104e-06
DNAFountain,medium,CDHit,0.08,5.1498609537542483e-05
DNAFountain,medium,CDHit,0.09,0.00020599443815016993
DNAFountain,medium,CDHit,0.1,0.0006823565763724379
DNAFountain,medium,CDHit,0.11,0.0019826964671953856
DNAFountain,medium,CDHit,0.12000000000000001,0.005420228653826346
DNAFountain,medium,CDHit,0.13,0.012127922546091255
DNAFountain,medium,CDHit,0.14000000000000004,0.022994129158512722
DNAFountain,medium,CDHit,0.15000000000000002,0.038372901431661346
DNAFountain,medium,Clover,0.0,0.004098788638262322
DNAFountain,medium,Clover,0.01,1.2874652384385621e-05
DNAFountain,medium,Clover,0.02,0.00038699690402476777
DNAFountain,medium,Clover,0.030000000000000002,0.0
DNAFountain,medium,Clover,0.04,1.2874652384385621e-05
DNAFountain,medium,Clover,0.05,0.0
DNAFountain,medium,Clover,0.060000000000000005,5.7935935729735294e-05
DNAFountain,medium,Clover,0.07000000000000002,0.00014805850242043464
DNAFountain,medium,Clover,0.08,0.0005986713358739314
DNAFountain,medium,Clover,0.09,0.0013647131527448758
DNAFountain,medium,Clover,0.1,0.003154289834174477
DNAFountain,medium,Clover,0.11,0.005896590792048614
DNAFountain,medium,Clover,0.12000000000000001,0.010550777629004016
DNAFountain,medium,Clover,0.13,0.01582938510660212
DNAFountain,medium,Clover,0.14000000000000004,0.022170151405912043
DNAFountain,medium,Clover,0.15000000000000002,0.030145998558038935
DNAFountain,medium,LSH,0.0,0.0
DNAFountain,medium,LSH,0.01,0.0
DNAFountain,medium,LSH,0.02,0.0
DNAFountain,medium,LSH,0.030000000000000002,0.0
DNAFountain,medium,LSH,0.04,0.0
DNAFountain,medium,LSH,0.05,0.0
DNAFountain,medium,LSH,0.060000000000000005,0.0
DNAFountain,medium,LSH,0.07000000000000002,4.506128334534967e-05
DNAFountain,medium,LSH,0.08,0.00016093315480482026
DNAFountain,medium,LSH,0.09,0.0006887939025646307
DNAFountain,medium,LSH,0.1,0.0027127686994174957
DNAFountain,medium,LSH,0.11,0.006308314861590804
DNAFountain,medium,LSH,0.12000000000000001,0.012096143824908806
DNAFountain,medium,LSH,0.13,0.02082236842105263
DNAFountain,medium,LSH,0.14000000000000004,0.030493559848989563
DNAFountain,medium,LSH,0.15000000000000002,0.04227582846003899
DNAFountain,medium,Starcode,0.0,0.0
DNAFountain,medium,Starcode,0.01,0.0
DNAFountain,medium,Starcode,0.02,0.0
DNAFountain,medium,Starcode,0.030000000000000002,6.4373261921928104e-06
DNAFountain,medium,Starcode,0.04,0.0009076629930991863
DNAFountain,medium,Starcode,0.05,0.010203162014625606
DNAFountain,medium,Starcode,0.060000000000000005,0.022324647234524667
DNAFountain,medium,Starcode,0.07000000000000002,0.030055875991348232
DNAFountain,medium,Starcode,0.08,0.03739442785044804
DNAFountain,medium,Starcode,0.09,0.043934751261715935
DNAFountain,medium,Starcode,0.1,0.0510415593778968
DNAFountain,medium,Starcode,0.11,0.05800030899165722
DNAFountain,medium,Starcode,0.12000000000000001,0.06524873828406634
DNAFountain,medium,Starcode,0.13,0.07247785559789885
DNAFountain,medium,Starcode,0.14000000000000004,0.07974559686888454
DNAFountain,medium,Starcode,0.15000000000000002,0.08645329076114945
DNARS,high,BasicSet,0.0,0.0
DNARS,high,BasicSet,0.01,9.618344105878732e-06
DNARS,high,BasicSet,0.02,0.0013850415512465374
DNARS,high,BasicSet,0.030000000000000002,0.005376654355186212
DNARS,high,BasicSet,0.04,0.010570560172360726
DNARS,high,BasicSet,0.05,0.016351184979993844
DNARS,high,BasicSet,0.060000000000000005,0.02245883348722684
DNARS,high,BasicSet,0.07000000000000002,0.028970452446906738
DNARS,high,BasicSet,0.08,0.03686711295783318
DNARS,high,BasicSet,0.09,0.0432344567559249
DNARS,high,BasicSet,0.1,0.05040012311480455
DNARS,high,BasicSet,0.11,0.05675784856879039
DNARS,high,BasicSet,0.12000000000000001,0.06396198830409357
DNARS,high,BasicSet,0.13,0.07094490612496153
DNARS,high,BasicSet,0.14000000000000004,0.07847606955986458
DNARS,high,BasicSet,0.15000000000000002,0.0859687596183441
DNARS,high,CDHit,0.0,0.0
DNARS,high,CDHit,0.01,0.0
DNARS,high,CDHit,0.02,0.0
DNARS,high,CDHit,0.030000000000000002,0.0
DNARS,high,CDHit,0.04,0.0
DNARS,high,CDHit,0.05,0.0
DNARS,high,CDHit,0.060000000000000005,0.0
DNARS,high,CDHit,0.07000000000000002,9.618344105878732e-06
DNARS,high,CDHit,0.08,4.809172052939366e-05
DNARS,high,CDHit,0.09,0.00021160357032933211
DNARS,high,CDHit,0.1,0.0006155740227762388
DNARS,high,CDHit,0.11,0.0018467220683287167
DNARS,high,CDHit,0.12000000000000001,0.004722606955986457
DNARS,high,CDHit,0.13,0.011869036626654355
DNARS,high,CDHit,0.14000000000000004,0.0213911972914743
DNARS,high,CDHit,0.15000000000000002,0.03623230224684518
DNARS,high,Clover,0.0,0.009686961291333647
DNARS,high,Clover,0.01,0.0
DNARS,high,Clover,0.02,0.0
DNARS,high,Clover,0.030000000000000002,0.0
DNARS,high,Clover,0.04,9.618344105878732e-06
DNARS,high,Clover,0.05,0.0
DNARS,high,Clover,0.060000000000000005,1.9236688211757463e-05
DNARS,high,Clover,0.07000000000000002,0.00013465681748230224
DNARS,high,Clover,0.08,0.0005290089258233302
DNARS,high,Clover,0.09,0.0014427516158818097
DNARS,high,Clover,0.1,0.003087488457987073
DNARS,high,Clover,0.11,0.0060307017543859654
DNARS,high,Clover,0.12000000000000001,0.010464758387196061
DNARS,high,Clover,0.13,0.014812249923053248
DNARS,high,Clover,0.14000000000000004,0.02267043705755617
DNARS,high,Clover,0.15000000000000002,0.030576715912588488
DNARS,high,LSH,0.0,0.0
DNARS,high,LSH,0.01,0.0
DNARS,high,LSH,0.02,0.0
DNARS,high,LSH,0.030000000000000002,0.0
DNARS,high,LSH,0.04,0.0
DNARS,high,LSH,0.05,0.0
DNARS,high,LSH,0.060000000000000005,0.0
DNARS,high,LSH,0.07000000000000002,1.9236688211757463e-05
DNARS,high,LSH,0.08,0.00017313019390581717
DNARS,high,LSH,0.09,0.000827177593105571
DNARS,high,LSH,0.1,0.002587334564481379
DNARS,high,LSH,0.11,0.006394675925925925
DNARS,high,LSH,0.12000000000000001,0.011996722846441947
DNARS,high,LSH,0.13,0.01958455165692008
DNARS,high,LSH,0.14000000000000004,0.02933821097883598
DNARS,high,LSH,0.15000000000000002,0.04172231125356125
DNARS,high,Starcode,0.0,0.0
DNARS,high,Starcode,0.01,0.0
DNARS,high,Starcode,0.02,0.0
DNARS,high,Starcode,0.030000000000000002,0.0
DNARS,high,Starcode,0.04,0.0005001538935056941
DNARS,high,Starcode,0.05,0.007281086488150201
DNARS,high,Starcode,0.060000000000000005,0.020150430901815942
DNARS,high,Starcode,0.07000000000000002,0.028845413973530316
DNARS,high,Starcode,0.08,0.03552054478301016
DNARS,high,Starcode,0.09,0.04273430286241921
DNARS,high,Starcode,0.1,0.049909587565404735
DNARS,high,Starcode,0.11,0.05723876577408433
DNARS,high,Starcode,0.12000000000000001,0.06405817174515235
DNARS,high,Starcode,0.13,0.07089681440443213
DNARS,high,Starcode,0.14000000000000004,0.07854339796860572
DNARS,high,Starcode,0.15000000000000002,0.08586295783317945
DNARS,low,BasicSet,0.0,0.0
DNARS,low,BasicSet,0.01,0.0
DNARS,low,BasicSet,0.02,0.0015271094000641643
DNARS,low,BasicSet,0.030000000000000002,0.005980109079242862
DNARS,low,BasicSet,0.04,0.011414821944177094
DNARS,low,BasicSet,0.05,0.017398139236445297
DNARS,low,BasicSet,0.060000000000000005,0.02329162656400385
DNARS,low,BasicSet,0.07000000000000002,0.030137953160089832
DNARS,low,BasicSet,0.08,0.037035611164581324
DNARS,low,BasicSet,0.09,0.04370869425729869
DNARS,low,BasicSet,0.1,0.05061918511389156
DNARS,low,BasicSet,0.11,0.05801732435033686
DNARS,low,BasicSet,0.12000000000000001,0.06497593840230992
DNARS,low,BasicSet,0.13,0.07264677574590953
DNARS,low,BasicSet,0.14000000000000004,0.07921719602181584
DNARS,low,BasicSet,0.15000000000000002,0.0867340391401989
DNARS,low,CDHit,0.0,0.0
DNARS,low,CDHit,0.01,0.0
DNARS,low,CDHit,0.02,0.0
DNARS,low,CDHit,0.030000000000000002,0.0
DNARS,low,CDHit,0.04,0.0
DNARS,low,CDHit,0.05,0.0
DNARS,low,CDHit,0.060000000000000005,0.0
DNARS,low,CDHit,0.07000000000000002,6.416426050689766e-06
DNARS,low,CDHit,0.08,3.8498556304138595e-05
DNARS,low,CDHit,0.09,0.00017645171639396856
DNARS,low,CDHit,0.1,0.0006897658004491498
DNARS,low,CDHit,0.11,0.002088546679499519
DNARS,low,CDHit,0.12000000000000001,0.005376965030478024
DNARS,low,CDHit,0.13,0.011469361565607955
DNARS,low,CDHit,0.14000000000000004,0.021844722489573306
DNARS,low,CDHit,0.15000000000000002,0.038591594481873596
DNARS,low,Clover,0.0,0.002508153946510111
DNARS,low,Clover,0.01,0.0
DNARS,low,Clover,0.02,0.0
DNARS,low,Clover,0.030000000000000002,0.0
DNARS,low,Clover,0.04,0.0
DNARS,low,Clover,0.05,6.416426050689766e-06
DNARS,low,Clover,0.060000000000000005,3.208213025344883e-05
DNARS,low,Clover,0.07000000000000002,0.00011870388193776067
DNARS,low,Clover,0.08,0.0005261469361565608
DNARS,low,Clover,0.09,0.0016008982996470965
DNARS,low,Clover,0.1,0.0031857555341674687
DNARS,low,Clover,0.11,0.005890279114533205
DNARS,low,Clover,0.12000000000000001,0.010118703881937762
DNARS,low,Clover,0.13,0.01564324671158165
DNARS,low,Clover,0.14000000000000004,0.02209817131857555
DNARS,low,Clover,0.15000000000000002,0.03011228745588707
DNARS,low,LSH,0.0,0.0
DNARS,low,LSH,0.01,0.0
DNARS,low,LSH,0.02,0.0
DNARS,low,LSH,0.030000000000000002,0.0
DNARS,low,LSH,0.04,0.0
DNARS,low,LSH,0.05,0.0
DNARS,low,LSH,0.060000000000000005,3.208213025344883e-06
DNARS,low,LSH,0.07000000000000002,2.5665704202759066e-05
DNARS,low,LSH,0.08,0.0001700352903432788
DNARS,low,LSH,0.09,0.0008918832210458775
DNARS,low,LSH,0.1,0.002655748233782916
DNARS,low,LSH,0.11,0.006827464222543817
DNARS,low,LSH,0.12000000000000001,0.012823491448854469
DNARS,low,LSH,0.13,0.021698576337751595
DNARS,low,LSH,0.14000000000000004,0.03240927419354839
DNARS,low,LSH,0.15000000000000002,0.046317991631799164
DNARS,low,Starcode,0.0,0.0
DNARS,low,Starcode,0.01,0.0
DNARS,low,Starcode,0.02,0.0
DNARS,low,Starcode,0.030000000000000002,3.208213025344883e-06
DNARS,low,Starcode,0.04,0.0009624639076034648
DNARS,low,Starcode,0.05,0.009903753609239653
DNARS,low,Starcode,0.060000000000000005,0.02143727943535451
DNARS,low,Starcode,0.07000000000000002,0.029829964709656723
DNARS,low,Starcode,0.08,0.03709977542508823
DNARS,low,Starcode,0.09,0.04383702277831248
DNARS,low,Starcode,0.1,0.050654475457170355
DNARS,low,Starcode,0.11,0.05791786974655118
DNARS,low,Starcode,0.12000000000000001,0.06503047802374078
DNARS,low,Starcode,0.13,0.07248315688161694
DNARS,low,Starcode,0.14000000000000004,0.07961822264998396
DNARS,low,Starcode,0.15000000000000002,0.08666987487969202
DNARS,medium,BasicSet,0.0,0.0
DNARS,medium,BasicSet,0.01,6.412229403919155e-06
DNARS,medium,BasicSet,0.02,0.0012888581101877501
DNARS,medium,BasicSet,0.030000000000000002,0.005456807222735201
DNARS,medium,BasicSet,0.04,0.010702010875141069
DNARS,medium,BasicSet,0.05,0.01675515543244075
DNARS,medium,BasicSet,0.060000000000000005,0.02275058992510516
DNARS,medium,BasicSet,0.07000000000000002,0.02922694162306351
DNARS,medium,BasicSet,0.08,0.03558146096234739
DNARS,medium,BasicSet,0.09,0.043231250641222935
DNARS,medium,BasicSet,0.1,0.05040653534420848
DNARS,medium,BasicSet,0.11,0.05645967990150816
DNARS,medium,BasicSet,0.12000000000000001,0.06398763722170925
DNARS,medium,BasicSet,0.13,0.07089360828973018
DNARS,medium,BasicSet,0.14000000000000004,0.07926797989124859
DNARS,medium,BasicSet,0.15000000000000002,0.0860008207653637
DNARS,medium,CDHit,0.0,0.0
DNARS,medium,CDHit,0.01,0.0
DNARS,medium,CDHit,0.02,0.0
DNARS,medium,CDHit,0.030000000000000002,0.0
DNARS,medium,CDHit,0.04,0.0
DNARS,medium,CDHit,0.05,0.0
DNARS,medium,CDHit,0.060000000000000005,6.412229403919155e-06
DNARS,medium,CDHit,0.07000000000000002,6.412229403919155e-06
DNARS,medium,CDHit,0.08,2.564891761567662e-05
DNARS,medium,CDHit,0.09,0.00025007694675284703
DNARS,medium,CDHit,0.1,0.0007181696932389453
DNARS,medium,CDHit,0.11,0.0023084025854108957
DNARS,medium,CDHit,0.12000000000000001,0.005245203652405868
DNARS,medium,CDHit,0.13,0.011170103621627167
DNARS,medium,CDHit,0.14000000000000004,0.021750282138093772
DNARS,medium,CDHit,0.15000000000000002,0.037588488765774086
DNARS,medium,Clover,0.0,0.008322880735862861
DNARS,medium,Clover,0.01,1.92722787542399e-05
DNARS,medium,Clover,0.02,6.412229403919155e-06
DNARS,medium,Clover,0.030000000000000002,0.0
DNARS,medium,Clover,0.04,0.0
DNARS,medium,Clover,0.05,0.0
DNARS,medium,Clover,0.060000000000000005,1.282445880783831e-05
DNARS,medium,Clover,0.07000000000000002,0.00021160357032933211
DNARS,medium,Clover,0.08,0.0007374063814507028
DNARS,medium,Clover,0.09,0.0014363393864778905
DNARS,medium,Clover,0.1,0.0033728326664614755
DNARS,medium,Clover,0.11,0.006187801374781985
DNARS,medium,Clover,0.12000000000000001,0.01047117061659998
DNARS,medium,Clover,0.13,0.016261413768338975
DNARS,medium,Clover,0.14000000000000004,0.023180209295167745
DNARS,medium,Clover,0.15000000000000002,0.030195188263055298
DNARS,medium,LSH,0.0,0.0
DNARS,medium,LSH,0.01,0.0
DNARS,medium,LSH,0.02,0.0
DNARS,medium,LSH,0.030000000000000002,0.0
DNARS,medium,LSH,0.04,0.0
DNARS,medium,LSH,0.05,0.0
DNARS,medium,LSH,0.060000000000000005,0.0
DNARS,medium,LSH,0.07000000000000002,0.0
DNARS,medium,LSH,0.08,0.00019236688211757464
DNARS,medium,LSH,0.09,0.000788704216682056
DNARS,medium,LSH,0.1,0.002564891761567662
DNARS,medium,LSH,0.11,0.00628858024691358
DNARS,medium,LSH,0.12000000000000001,0.011236902168274717
DNARS,medium,LSH,0.13,0.02004554602266709
DNARS,medium,LSH,0.14000000000000004,0.03006753062117235
DNARS,medium,LSH,0.15000000000000002,0.04299262855088098
DNARS,medium,Starcode,0.0,0.0
DNARS,medium,Starcode,0.01,0.0
DNARS,medium,Starcode,0.02,0.0
DNARS,medium,Starcode,0.030000000000000002,0.0
DNARS,medium,Starcode,0.04,0.0005899251051605622
DNARS,medium,Starcode,0.05,0.007290704832256079
DNARS,medium,Starcode,0.060000000000000005,0.020461424027906024
DNARS,medium,Starcode,0.07000000000000002,0.029028162511542013
DNARS,medium,Starcode,0.08,0.03601749256181389
DNARS,medium,Starcode,0.09,0.04337873191751308
DNARS,medium,Starcode,0.1,0.05012439725043603
DNARS,medium,Starcode,0.11,0.056876474812762895
DNARS,medium,Starcode,0.12000000000000001,0.06395557607468966
DNARS,medium,Starcode,0.13,0.07104750179542424
DNARS,medium,Starcode,0.14000000000000004,0.07769057145788448
DNARS,medium,Starcode,0.15000000000000002,0.08534677336616395
Goldman,default,BasicSet,0.0,0.0
Goldman,default,BasicSet,0.01,0.0
Goldman,default,BasicSet,0.02,0.00038082873525911503
Goldman,default,BasicSet,0.030000000000000002,0.003449096613653576
Goldman,default,BasicSet,0.04,0.00825056799740344
Goldman,default,BasicSet,0.05,0.013564859893973817
Goldman,default,BasicSet,0.060000000000000005,0.019604024667315804
Goldman,default,BasicSet,0.07000000000000002,0.02575354322189765
Goldman,default,BasicSet,0.08,0.03192253597316889
Goldman,default,BasicSet,0.09,0.0386670994265931
Goldman,default,BasicSet,0.1,0.04539218868332792
Goldman,default,BasicSet,0.11,0.052270907713945686
Goldman,default,BasicSet,0.12000000000000001,0.0589592123769339
Goldman,default,BasicSet,0.13,0.06579898301417289
Goldman,default,BasicSet,0.14000000000000004,0.07335929892891918
Goldman,default,BasicSet,0.15000000000000002,0.07982689602942766
Goldman,default,CDHit,0.0,0.006179908387300584
Goldman,default,CDHit,0.01,2.8143645164921763e-05
Goldman,default,CDHit,0.02,2.1637996321540625e-06
Goldman,default,CDHit,0.030000000000000002,6.491398896462187e-06
Goldman,default,CDHit,0.04,0.0
Goldman,default,CDHit,0.05,0.0
Goldman,default,CDHit,0.060000000000000005,0.0
Goldman,default,CDHit,0.07000000000000002,2.1637996321540625e-06
Goldman,default,CDHit,0.08,4.327599264308125e-06
Goldman,default,CDHit,0.09,2.1637996321540626e-05
Goldman,default,CDHit,0.1,0.00016444877204370876
Goldman,default,CDHit,0.11,0.0007356918749323812
Goldman,default,CDHit,0.12000000000000001,0.0027415341339391973
Goldman,default,CDHit,0.13,0.006841934436871146
Goldman,default,CDHit,0.14000000000000004,0.014739803094233474
Goldman,default,CDHit,0.15000000000000002,0.02657795088174835
Goldman,default,Clover,0.0,0.05567452991452991
Goldman,default,Clover,0.01,0.0013531291940382848
Goldman,default,Clover,0.02,0.00043028418314459505
Goldman,default,Clover,0.030000000000000002,0.0003770739064856712
Goldman,default,Clover,0.04,0.000103862382343395
Goldman,default,Clover,0.05,0.0001211727794006275
Goldman,default,Clover,0.060000000000000005,0.0001514659742507844
Goldman,default,Clover,0.07000000000000002,0.0005020015146597425
Goldman,default,Clover,0.08,0.0007486746727253056
Goldman,default,Clover,0.09,0.001657470518230012
Goldman,default,Clover,0.1,0.0042280644812290385
Goldman,default,Clover,0.11,0.007445634534242128
Goldman,default,Clover,0.12000000000000001,0.01276209023044466
Goldman,default,Clover,0.13,0.019651628259223196
Goldman,default,Clover,0.14000000000000004,0.028813155901763494
Goldman,default,Clover,0.15000000000000002,0.04031158714703019
Goldman,default,LSH,0.0,0.019220093897979778
Goldman,default,LSH,0.01,0.0
Goldman,default,LSH,0.02,0.0
Goldman,default,LSH,0.030000000000000002,0.0
Goldman,default,LSH,0.04,0.0
Goldman,default,LSH,0.05,0.0
Goldman,default,LSH,0.060000000000000005,1.0818998160770313e-05
Goldman,default,LSH,0.07000000000000002,8.006058638970032e-05
Goldman,default,LSH,0.08,0.00040895813047711784
Goldman,default,LSH,0.09,0.0018396954330101962
Goldman,default,LSH,0.1,0.004658660608027696
Goldman,default,LSH,0.11,0.010308341447581953
Goldman,default,LSH,0.12000000000000001,0.018923817505018415
Goldman,default,LSH,0.13,0.03201333871044678
Goldman,default,LSH,0.14000000000000004,0.045421866006364095
Goldman,default,LSH,0.15000000000000002,0.0600595898305822
Goldman,default,Starcode,0.0,0.0
Goldman,default,Starcode,0.01,0.0
Goldman,default,Starcode,0.02,0.0
Goldman,default,Starcode,0.030000000000000002,0.0
Goldman,default,Starcode,0.04,2.1637996321540625e-06
Goldman,default,Starcode,0.05,0.000828735259115006
Goldman,default,Starcode,0.060000000000000005,0.007376392946013199
Goldman,default,Starcode,0.07000000000000002,0.020119008979768472
Goldman,default,Starcode,0.08,0.030723790976955535
Goldman,default,Starcode,0.09,0.03845937466190631
Goldman,default,Starcode,0.1,0.04530347289840961
Goldman,default,Starcode,0.11,0.051885751379422265
Goldman,default,Starcode,0.12000000000000001,0.059145299145299146
Goldman,default,Starcode,0.13,0.06640917451044033
Goldman,default,Starcode,0.14000000000000004,0.07317537596018608
Goldman,default,Starcode,0.15000000000000002,0.07999783620036785
HEDGES,low,BasicSet,0.0,0.0
HEDGES,low,BasicSet,0.01,0.0
HEDGES,low,BasicSet,0.02,0.00110015020500954
HEDGES,low,BasicSet,0.030000000000000002,0.0050623147809848576
HEDGES,low,BasicSet,0.04,0.01041286079649251
HEDGES,low,BasicSet,0.05,0.016035399667113225
HEDGES,low,BasicSet,0.060000000000000005,0.02202330207445297
HEDGES,low,BasicSet,0.07000000000000002,0.02879876588316486
HEDGES,low,BasicSet,0.08,0.03539560751836967
HEDGES,low,BasicSet,0.09,0.04209799861973775
HEDGES,low,BasicSet,0.1,0.0488085089108107
HEDGES,low,BasicSet,0.11,0.055608330288637195
HEDGES,low,BasicSet,0.12000000000000001,0.06374781796776682
HEDGES,low,BasicSet,0.13,0.07021881216254618
HEDGES,low,BasicSet,0.14000000000000004,0.07783055251085941
HEDGES,low,BasicSet,0.15000000000000002,0.08435432143872042
HEDGES,low,CDHit,0.0,2.1028371478799194e-05
HEDGES,low,CDHit,0.01,2.1028371478799194e-05
HEDGES,low,CDHit,0.02,2.1028371478799194e-05
HEDGES,low,CDHit,0.030000000000000002,2.1028371478799194e-05
HEDGES,low,CDHit,0.04,0.00016774020397208802
HEDGES,low,CDHit,0.05,0.00029303661283165466
HEDGES,low,CDHit,0.060000000000000005,0.0008359612312632946
HEDGES,low,CDHit,0.07000000000000002,0.0011681093842219163
HEDGES,low,CDHit,0.08,0.001723000219957475
HEDGES,low,CDHit,0.09,0.0018889431688650057
HEDGES,low,CDHit,0.1,0.002274647429648405
HEDGES,low,CDHit,0.11,0.002857954776113344
HEDGES,low,CDHit,0.12000000000000001,0.0060650347095359885
HEDGES,low,CDHit,0.13,0.012214044323129915
HEDGES,low,CDHit,0.14000000000000004,0.022299354524418464
HEDGES,low,CDHit,0.15000000000000002,0.03766086144602769
HEDGES,low,Clover,0.0,0.5237381309345328
HEDGES,low,Clover,0.01,0.05617673352724159
HEDGES,low,Clover,0.02,0.028709039054769802
HEDGES,low,Clover,0.030000000000000002,0.017925486568355374
HEDGES,low,Clover,0.04,0.01578596666578991
HEDGES,low,Clover,0.05,0.014492753623188406
HEDGES,low,Clover,0.060000000000000005,0.014200561009817671
HEDGES,low,Clover,0.07000000000000002,0.012248741113129754
HEDGES,low,Clover,0.08,0.014636530940878767
HEDGES,low,Clover,0.09,0.019903982435012003
HEDGES,low,Clover,0.1,0.020202144402911664
HEDGES,low,Clover,0.11,0.026345259406393814
HEDGES,low,Clover,0.12000000000000001,0.032730962977453905
HEDGES,low,Clover,0.13,0.03863372710488048
HEDGES,low,Clover,0.14000000000000004,0.04668393740173196
HEDGES,low,Clover,0.15000000000000002,0.05708453292994355
HEDGES,low,LSH,0.0,0.00046157868078362173
HEDGES,low,LSH,0.01,4.059594852433727e-06
HEDGES,low,LSH,0.02,0.0
HEDGES,low,LSH,0.030000000000000002,0.0
HEDGES,low,LSH,0.04,0.0
HEDGES,low,LSH,0.05,0.0
HEDGES,low,LSH,0.060000000000000005,4.059594852433727e-06
HEDGES,low,LSH,0.07000000000000002,2.4357569114602366e-05
HEDGES,low,LSH,0.08,0.00023139690658872242
HEDGES,low,LSH,0.09,0.000966183574879227
HEDGES,low,LSH,0.1,0.002725515045167999
HEDGES,low,LSH,0.11,0.006819641216968633
HEDGES,low,LSH,0.12000000000000001,0.013751831949193943
HEDGES,low,LSH,0.13,0.02225908685748242
HEDGES,low,LSH,0.14000000000000004,0.033968677217325466
HEDGES,low,LSH,0.15000000000000002,0.047393305648671634
HEDGES,low,Starcode,0.0,0.00010766045548654244
HEDGES,low,Starcode,0.01,0.0
HEDGES,low,Starcode,0.02,0.0
HEDGES,low,Starcode,0.030000000000000002,0.0
HEDGES,low,Starcode,0.04,0.00018674136321195143
HEDGES,low,Starcode,0.05,0.005594121706653676
HEDGES,low,Starcode,0.060000000000000005,0.01777290626395486
HEDGES,low,Starcode,0.07000000000000002,0.02786099947225267
HEDGES,low,Starcode,0.08,0.03498964803312629
HEDGES,low,Starcode,0.09,0.04224008443957293
HEDGES,low,Starcode,0.1,0.04922258758575894
HEDGES,low,Starcode,0.11,0.05622132911135469
HEDGES,low,Starcode,0.12000000000000001,0.06334591807737587
HEDGES,low,Starcode,0.13,0.06982097186700767
HEDGES,low,Starcode,0.14000000000000004,0.07703081232492996
HEDGES,low,Starcode,0.15000000000000002,0.08394836195347705
HEDGES,medium,BasicSet,0.0,0.0
HEDGES,medium,BasicSet,0.01,0.0
HEDGES,medium,BasicSet,0.02,0.0011253797293565313
HEDGES,medium,BasicSet,0.030000000000000002,0.005419773543220105
HEDGES,medium,BasicSet,0.04,0.0107981220657277
HEDGES,medium,BasicSet,0.05,0.016404308202154102
HEDGES,medium,BasicSet,0.060000000000000005,0.022990886495443248
HEDGES,medium,BasicSet,0.07000000000000002,0.028990610328638495
HEDGES,medium,BasicSet,0.08,0.03571527202430268
HEDGES,medium,BasicSet,0.09,0.042833471416735706
HEDGES,medium,BasicSet,0.1,0.04949599558133112
HEDGES,medium,BasicSet,0.11,0.05623446561723281
HEDGES,medium,BasicSet,0.12000000000000001,0.06431924882629107
HEDGES,medium,BasicSet,0.13,0.07105771886219277
HEDGES,medium,BasicSet,0.14000000000000004,0.07869373101353216
HEDGES,medium,BasicSet,0.15000000000000002,0.08501795084230876
HEDGES,medium,CDHit,0.0,4.1629084853951296e-05
HEDGES,medium,CDHit,0.01,3.469090404495941e-05
HEDGES,medium,CDHit,0.02,2.775272323596753e-05
HEDGES,medium,CDHit,0.030000000000000002,3.469090404495941e-05
HEDGES,medium,CDHit,0.04,2.775272323596753e-05
HEDGES,medium,CDHit,0.05,0.00019388701926406027
HEDGES,medium,CDHit,0.060000000000000005,0.00014555838970832874
HEDGES,medium,CDHit,0.07000000000000002,0.0001587959127312897
HEDGES,medium,CDHit,0.08,0.00036663991809402586
HEDGES,medium,CDHit,0.09,0.00020022093344380004
HEDGES,medium,CDHit,0.1,0.0007187383377793749
HEDGES,medium,CDHit,0.11,0.002133388566694283
HEDGES,medium,CDHit,0.12000000000000001,0.004901960784313725
HEDGES,medium,CDHit,0.13,0.010646230323115161
HEDGES,medium,CDHit,0.14000000000000004,0.01980115990057995
HEDGES,medium,CDHit,0.15000000000000002,0.037351560342446834
HEDGES,medium,Clover,0.0,0.047725845518973714
HEDGES,medium,Clover,0.01,0.0009399023623814601
HEDGES,medium,Clover,0.02,0.00064461572585117
HEDGES,medium,Clover,0.030000000000000002,0.00016602562328786076
HEDGES,medium,Clover,0.04,0.00032449599558133114
HEDGES,medium,Clover,0.05,0.0004211543772438553
HEDGES,medium,Clover,0.060000000000000005,0.00030378348522507595
HEDGES,medium,Clover,0.07000000000000002,0.00044186688760011045
HEDGES,medium,Clover,0.08,0.0008077879038939519
HEDGES,medium,Clover,0.09,0.0020850593758630215
HEDGES,medium,Clover,0.1,0.004370339685169843
HEDGES,medium,Clover,0.11,0.007207953603976801
HEDGES,medium,Clover,0.12000000000000001,0.011088097210715272
HEDGES,medium,Clover,0.13,0.017288041977354323
HEDGES,medium,Clover,0.14000000000000004,0.024185307925987293
HEDGES,medium,Clover,0.15000000000000002,0.03276719138359569
HEDGES,medium,LSH,0.0,2.0753202910982595e-05
HEDGES,medium,LSH,0.01,0.0
HEDGES,medium,LSH,0.02,0.0
HEDGES,medium,LSH,0.030000000000000002,0.0
HEDGES,medium,LSH,0.04,0.0
HEDGES,medium,LSH,0.05,0.0
HEDGES,medium,LSH,0.060000000000000005,0.0
HEDGES,medium,LSH,0.07000000000000002,2.7616680475006903e-05
HEDGES,medium,LSH,0.08,0.00023474178403755868
HEDGES,medium,LSH,0.09,0.0007249378624689312
HEDGES,medium,LSH,0.1,0.0028376139188069594
HEDGES,medium,LSH,0.11,0.00636364895370255
HEDGES,medium,LSH,0.12000000000000001,0.012353489148116736
HEDGES,medium,LSH,0.13,0.020499661222194994
HEDGES,medium,LSH,0.14000000000000004,0.03208709459260784
HEDGES,medium,LSH,0.15000000000000002,0.04480494706387308
HEDGES,medium,Starcode,0.0,4.1629084853951296e-05
HEDGES,medium,Starcode,0.01,0.0
HEDGES,medium,Starcode,0.02,0.0
HEDGES,medium,Starcode,0.030000000000000002,0.0
HEDGES,medium,Starcode,0.04,0.00045567522783761396
HEDGES,medium,Starcode,0.05,0.006462303231151615
HEDGES,medium,Starcode,0.060000000000000005,0.019228113780723557
HEDGES,medium,Starcode,0.07000000000000002,0.028673018503175916
HEDGES,medium,Starcode,0.08,0.03611571389119028
HEDGES,medium,Starcode,0.09,0.04235708367854184
HEDGES,medium,Starcode,0.1,0.049226732946699804
HEDGES,medium,Starcode,0.11,0.05655205744269539
HEDGES,medium,Starcode,0.12000000000000001,0.06346313173156587
HEDGES,medium,Starcode,0.13,0.07086440209886771
HEDGES,medium,Starcode,0.14000000000000004,0.0776166804750069
HEDGES,medium,Starcode,0.15000000000000002,0.08516984258492129
YinYang,default,BasicSet,0.0,0.0
YinYang,default,BasicSet,0.01,0.0
YinYang,default,BasicSet,0.02,0.0016198961360712756
YinYang,default,BasicSet,0.030000000000000002,0.0059448083988253055
YinYang,default,BasicSet,0.04,0.011521038676923443
YinYang,default,BasicSet,0.05,0.016776249301485014
YinYang,default,BasicSet,0.060000000000000005,0.023267980073002247
YinYang,default,BasicSet,0.07000000000000002,0.029968078517318596
YinYang,default,BasicSet,0.08,0.03670970508361523
YinYang,default,BasicSet,0.09,0.04370623134816365
YinYang,default,BasicSet,0.1,0.05145552432226404
YinYang,default,BasicSet,0.11,0.057327647815522416
YinYang,default,BasicSet,0.12000000000000001,0.06505788746486255
YinYang,default,BasicSet,0.13,0.07232359807518224
YinYang,default,BasicSet,0.14000000000000004,0.08014912573252657
YinYang,default,BasicSet,0.15000000000000002,0.08728167691155314
YinYang,default,CDHit,0.0,0.0
YinYang,default,CDHit,0.01,0.0
YinYang,default,CDHit,0.02,0.0
YinYang,default,CDHit,0.030000000000000002,0.0
YinYang,default,CDHit,0.04,0.0
YinYang,default,CDHit,0.05,1.1911001000524084e-05
YinYang,default,CDHit,0.060000000000000005,1.1911001000524084e-05
YinYang,default,CDHit,0.07000000000000002,0.0
YinYang,default,CDHit,0.08,8.322731758355428e-05
YinYang,default,CDHit,0.09,5.955500500262042e-05
YinYang,default,CDHit,0.1,0.0006658185406684343
YinYang,default,CDHit,0.11,0.001961786771612351
YinYang,default,CDHit,0.12000000000000001,0.005659457595681691
YinYang,default,CDHit,0.13,0.01280432607556339
YinYang,default,CDHit,0.14000000000000004,0.02333365096002668
YinYang,default,CDHit,0.15000000000000002,0.03838915622468912
YinYang,default,Clover,0.0,0.0029433406916850625
YinYang,default,Clover,0.01,0.0
YinYang,default,Clover,0.02,0.0
YinYang,default,Clover,0.030000000000000002,0.0
YinYang,default,Clover,0.04,0.0
YinYang,default,Clover,0.05,0.0
YinYang,default,Clover,0.060000000000000005,2.3822002001048168e-05
YinYang,default,Clover,0.07000000000000002,0.00013102101100576492
YinYang,default,Clover,0.08,0.0005944808398825306
YinYang,default,Clover,0.09,0.001286388108056601
YinYang,default,Clover,0.1,0.0030373052551336413
YinYang,default,Clover,0.11,0.006086521511267807
YinYang,default,Clover,0.12000000000000001,0.009273901102167477
YinYang,default,Clover,0.13,0.01469817523464672
YinYang,default,Clover,0.14000000000000004,0.020141502691886227
YinYang,default,Clover,0.15000000000000002,0.029015198437276672
YinYang,default,LSH,0.0,0.0
YinYang,default,LSH,0.01,0.0
YinYang,default,LSH,0.02,0.0
YinYang,default,LSH,0.030000000000000002,0.0
YinYang,default,LSH,0.04,0.0
YinYang,default,LSH,0.05,0.0
YinYang,default,LSH,0.060000000000000005,0.0
YinYang,default,LSH,0.07000000000000002,0.0
YinYang,default,LSH,0.08,0.00017866501500786124
YinYang,default,LSH,0.09,0.0010225070445979525
YinYang,default,LSH,0.1,0.0025654793866714395
YinYang,default,LSH,0.11,0.006574614085721471
YinYang,default,LSH,0.12000000000000001,0.010911963059724163
YinYang,default,LSH,0.13,0.018937420939057967
YinYang,default,LSH,0.14000000000000004,0.031213000429357658
YinYang,default,LSH,0.15000000000000002,0.037768155317824195
YinYang,default,Starcode,0.0,0.0
YinYang,default,Starcode,0.01,0.0
YinYang,default,Starcode,0.02,0.0
YinYang,default,Starcode,0.030000000000000002,1.1911001000524084e-05
YinYang,default,Starcode,0.04,0.0008322731758355428
YinYang,default,Starcode,0.05,0.010076706846443375
YinYang,default,Starcode,0.060000000000000005,0.021710440272510016
YinYang,default,Starcode,0.07000000000000002,0.02942017247129449
YinYang,default,Starcode,0.08,0.03678647437193099
YinYang,default,Starcode,0.09,0.04470198675496689
YinYang,default,Starcode,0.1,0.05070921564197986
YinYang,default,Starcode,0.11,0.05827101192528565
YinYang,default,Starcode,0.12000000000000001,0.0647362904378484
YinYang,default,Starcode,0.13,0.07197817904616703
YinYang,default,Starcode,0.14000000000000004,0.08050645576254228
YinYang,default,Starcode,0.15000000000000002,0.08683119729382058
