#name	%unambiguousReads	unambiguousMB	%ambiguousReads	ambiguousMB	unambiguousReads	ambiguousReads	assignedReads	assignedBases
aeon_high_1289	0.02385	0.021543	0.00000	0.000000	167	0	167	21543
aeon_high_1523	0.02270	0.020513	0.00000	0.000000	159	0	159	20513
aeon_high_0925	0.02185	0.019739	0.00000	0.000000	153	0	153	19739
aeon_high_0898	0.02156	0.019457	0.00000	0.000000	151	0	151	19457
aeon_high_0815	0.02156	0.019481	0.00000	0.000000	151	0	151	19481
aeon_high_1236	0.02142	0.019343	0.00000	0.000000	150	0	150	19343
aeon_high_1336	0.02128	0.019224	0.00000	0.000000	149	0	149	19224
aeon_high_1169	0.02099	0.018953	0.00000	0.000000	147	0	147	18953
aeon_high_0857	0.02099	0.018949	0.00000	0.000000	147	0	147	18949
aeon_high_0989	0.02071	0.018687	0.00000	0.000000	145	0	145	18687
aeon_high_0842	0.01956	0.017670	0.00000	0.000000	137	0	137	17670
aeon_high_1509	0.01942	0.017542	0.00000	0.000000	136	0	136	17542
aeon_high_1256	0.01942	0.017518	0.00000	0.000000	136	0	136	17518
aeon_high_0763	0.01942	0.017545	0.00000	0.000000	136	0	136	17545
aeon_high_0765	0.01913	0.017285	0.00000	0.000000	134	0	134	17285
aeon_high_0708	0.01899	0.017159	0.00000	0.000000	133	0	133	17159
aeon_high_1035	0.01856	0.016771	0.00000	0.000000	130	0	130	16771
aeon_high_0828	0.01856	0.016770	0.00000	0.000000	130	0	130	16770
aeon_high_0880	0.01842	0.016628	0.00000	0.000000	129	0	129	16628
aeon_high_0804	0.01814	0.016337	0.00000	0.000000	127	0	127	16337
aeon_high_1153	0.01799	0.016233	0.00000	0.000000	126	0	126	16233
aeon_high_1370	0.01771	0.015997	0.00000	0.000000	124	0	124	15997
aeon_high_0731	0.01771	0.015996	0.00000	0.000000	124	0	124	15996
aeon_high_0723	0.01771	0.015992	0.00000	0.000000	124	0	124	15992
aeon_high_1105	0.01756	0.015869	0.00000	0.000000	123	0	123	15869
aeon_high_0822	0.01756	0.015861	0.00000	0.000000	123	0	123	15861
aeon_high_1316	0.01728	0.015609	0.00000	0.000000	121	0	121	15609
aeon_high_1291	0.01728	0.015602	0.00000	0.000000	121	0	121	15602
aeon_high_1061	0.01728	0.015609	0.00000	0.000000	121	0	121	15609
aeon_high_0932	0.01728	0.015609	0.00000	0.000000	121	0	121	15609
aeon_high_0947	0.01714	0.015480	0.00000	0.000000	120	0	120	15480
aeon_high_0816	0.01714	0.015478	0.00000	0.000000	120	0	120	15478
aeon_high_1399	0.01699	0.015352	0.00000	0.000000	119	0	119	15352
aeon_high_0844	0.01699	0.015330	0.00000	0.000000	119	0	119	15330
aeon_high_1200	0.01656	0.014966	0.00000	0.000000	116	0	116	14966
aeon_high_1160	0.01642	0.014831	0.00000	0.000000	115	0	115	14831
aeon_high_0720	0.01642	0.014835	0.00000	0.000000	115	0	115	14835
aeon_high_1146	0.01628	0.014706	0.00000	0.000000	114	0	114	14706
aeon_high_1075	0.01628	0.014700	0.00000	0.000000	114	0	114	14700
aeon_high_1003	0.01628	0.014706	0.00000	0.000000	114	0	114	14706
aeon_high_0722	0.01628	0.014697	0.00000	0.000000	114	0	114	14697
aeon_high_0901	0.01614	0.014577	0.00000	0.000000	113	0	113	14577
aeon_high_1338	0.01599	0.014450	0.00000	0.000000	112	0	112	14450
aeon_high_1279	0.01585	0.014318	0.00000	0.000000	111	0	111	14318
aeon_high_1220	0.01585	0.014320	0.00000	0.000000	111	0	111	14320
aeon_high_0817	0.01585	0.014317	0.00000	0.000000	111	0	111	14317
aeon_high_1492	0.01571	0.014191	0.00000	0.000000	110	0	110	14191
aeon_high_1285	0.01571	0.014186	0.00000	0.000000	110	0	110	14186
aeon_high_0951	0.01571	0.014188	0.00000	0.000000	110	0	110	14188
aeon_high_1195	0.01556	0.014062	0.00000	0.000000	109	0	109	14062
aeon_high_0909	0.01556	0.014052	0.00000	0.000000	109	0	109	14052
aeon_high_0887	0.01556	0.014054	0.00000	0.000000	109	0	109	14054
aeon_high_1479	0.01542	0.013932	0.00000	0.000000	108	0	108	13932
aeon_high_1434	0.01528	0.013803	0.00000	0.000000	107	0	107	13803
aeon_high_1302	0.01528	0.013803	0.00000	0.000000	107	0	107	13803
aeon_high_0774	0.01528	0.013803	0.00000	0.000000	107	0	107	13803
aeon_high_1515	0.01514	0.013675	0.00000	0.000000	106	0	106	13675
aeon_high_1266	0.01514	0.013675	0.00000	0.000000	106	0	106	13675
aeon_high_1397	0.01499	0.013537	0.00000	0.000000	105	0	105	13537
aeon_high_1080	0.01499	0.013546	0.00000	0.000000	105	0	105	13546
aeon_high_0983	0.01499	0.013544	0.00000	0.000000	105	0	105	13544
aeon_high_0868	0.01499	0.013545	0.00000	0.000000	105	0	105	13545
aeon_high_1314	0.01485	0.013417	0.00000	0.000000	104	0	104	13417
aeon_high_1238	0.01485	0.013415	0.00000	0.000000	104	0	104	13415
aeon_high_1133	0.01485	0.013415	0.00000	0.000000	104	0	104	13415
aeon_high_0937	0.01485	0.013416	0.00000	0.000000	104	0	104	13416
aeon_high_0698	0.01485	0.013413	0.00000	0.000000	104	0	104	13413
aeon_high_1501	0.01471	0.013287	0.00000	0.000000	103	0	103	13287
aeon_high_1495	0.01471	0.013285	0.00000	0.000000	103	0	103	13285
aeon_high_1286	0.01457	0.013158	0.00000	0.000000	102	0	102	13158
aeon_high_1136	0.01457	0.013158	0.00000	0.000000	102	0	102	13158
aeon_high_1042	0.01457	0.013158	0.00000	0.000000	102	0	102	13158
aeon_high_0841	0.01457	0.013156	0.00000	0.000000	102	0	102	13156
aeon_high_1514	0.01442	0.013029	0.00000	0.000000	101	0	101	13029
aeon_high_1478	0.01442	0.013029	0.00000	0.000000	101	0	101	13029
aeon_high_1215	0.01442	0.013028	0.00000	0.000000	101	0	101	13028
aeon_high_1046	0.01442	0.013027	0.00000	0.000000	101	0	101	13027
aeon_high_1017	0.01442	0.013025	0.00000	0.000000	101	0	101	13025
aeon_high_1010	0.01442	0.013029	0.00000	0.000000	101	0	101	13029
aeon_high_0903	0.01442	0.013018	0.00000	0.000000	101	0	101	13018
aeon_high_1365	0.01428	0.012900	0.00000	0.000000	100	0	100	12900
aeon_high_1176	0.01428	0.012900	0.00000	0.000000	100	0	100	12900
aeon_high_1114	0.01428	0.012896	0.00000	0.000000	100	0	100	12896
aeon_high_1056	0.01428	0.012891	0.00000	0.000000	100	0	100	12891
aeon_high_1012	0.01428	0.012899	0.00000	0.000000	100	0	100	12899
aeon_high_0745	0.01428	0.012900	0.00000	0.000000	100	0	100	12900
aeon_high_1240	0.01414	0.012775	0.00000	0.000000	99	0	99	12775
aeon_high_0941	0.01414	0.012768	0.00000	0.000000	99	0	99	12768
aeon_high_0837	0.01414	0.012771	0.00000	0.000000	99	0	99	12771
aeon_high_0799	0.01414	0.012771	0.00000	0.000000	99	0	99	12771
aeon_high_0795	0.01414	0.012772	0.00000	0.000000	99	0	99	12772
aeon_high_1319	0.01399	0.012642	0.00000	0.000000	98	0	98	12642
aeon_high_1306	0.01399	0.012637	0.00000	0.000000	98	0	98	12637
aeon_high_1122	0.01399	0.012641	0.00000	0.000000	98	0	98	12641
aeon_high_0702	0.01399	0.012642	0.00000	0.000000	98	0	98	12642
aeon_high_1237	0.01385	0.012513	0.00000	0.000000	97	0	97	12513
aeon_high_1177	0.01385	0.012501	0.00000	0.000000	97	0	97	12501
aeon_high_0869	0.01385	0.012513	0.00000	0.000000	97	0	97	12513
aeon_high_0754	0.01385	0.012514	0.00000	0.000000	97	0	97	12514
aeon_high_1423	0.01371	0.012384	0.00000	0.000000	96	0	96	12384
aeon_high_1392	0.01371	0.012384	0.00000	0.000000	96	0	96	12384
aeon_high_1265	0.01371	0.012376	0.00000	0.000000	96	0	96	12376
aeon_high_1081	0.01371	0.012374	0.00000	0.000000	96	0	96	12374
aeon_high_1008	0.01371	0.012384	0.00000	0.000000	96	0	96	12384
aeon_high_0999	0.01371	0.012382	0.00000	0.000000	96	0	96	12382
aeon_high_0984	0.01371	0.012383	0.00000	0.000000	96	0	96	12383
aeon_high_0970	0.01371	0.012384	0.00000	0.000000	96	0	96	12384
aeon_high_0967	0.01371	0.012382	0.00000	0.000000	96	0	96	12382
aeon_high_0835	0.01371	0.012383	0.00000	0.000000	96	0	96	12383
aeon_high_1135	0.01357	0.012255	0.00000	0.000000	95	0	95	12255
aeon_high_1015	0.01357	0.012255	0.00000	0.000000	95	0	95	12255
aeon_high_0907	0.01357	0.012228	0.00000	0.000000	95	0	95	12228
aeon_high_1460	0.01342	0.012128	0.00000	0.000000	94	0	94	12128
aeon_high_1436	0.01342	0.012125	0.00000	0.000000	94	0	94	12125
aeon_high_1227	0.01342	0.012126	0.00000	0.000000	94	0	94	12126
aeon_high_1174	0.01342	0.012089	0.00000	0.000000	94	0	94	12089
aeon_high_1163	0.01342	0.012059	0.00000	0.000000	94	0	94	12059
aeon_high_1118	0.01342	0.012126	0.00000	0.000000	94	0	94	12126
aeon_high_1038	0.01342	0.012126	0.00000	0.000000	94	0	94	12126
aeon_high_1014	0.01342	0.012126	0.00000	0.000000	94	0	94	12126
aeon_high_0987	0.01342	0.012124	0.00000	0.000000	94	0	94	12124
aeon_high_0943	0.01342	0.012119	0.00000	0.000000	94	0	94	12119
aeon_high_0936	0.01342	0.012124	0.00000	0.000000	94	0	94	12124
aeon_high_0922	0.01342	0.012126	0.00000	0.000000	94	0	94	12126
aeon_high_0797	0.01342	0.012119	0.00000	0.000000	94	0	94	12119
aeon_high_1335	0.01328	0.011997	0.00000	0.000000	93	0	93	11997
aeon_high_0784	0.01328	0.011997	0.00000	0.000000	93	0	93	11997
aeon_high_0783	0.01328	0.011941	0.00000	0.000000	93	0	93	11941
aeon_high_0748	0.01328	0.011995	0.00000	0.000000	93	0	93	11995
aeon_high_1510	0.01314	0.011856	0.00000	0.000000	92	0	92	11856
aeon_high_1461	0.01314	0.011843	0.00000	0.000000	92	0	92	11843
aeon_high_1341	0.01314	0.011869	0.00000	0.000000	92	0	92	11869
aeon_high_1288	0.01314	0.011868	0.00000	0.000000	92	0	92	11868
aeon_high_1280	0.01314	0.011867	0.00000	0.000000	92	0	92	11867
aeon_high_1203	0.01314	0.011867	0.00000	0.000000	92	0	92	11867
aeon_high_1201	0.01314	0.011856	0.00000	0.000000	92	0	92	11856
aeon_high_1164	0.01314	0.011868	0.00000	0.000000	92	0	92	11868
aeon_high_0782	0.01314	0.011868	0.00000	0.000000	92	0	92	11868
aeon_high_1488	0.01299	0.011739	0.00000	0.000000	91	0	91	11739
aeon_high_1358	0.01299	0.011732	0.00000	0.000000	91	0	91	11732
aeon_high_1197	0.01299	0.011739	0.00000	0.000000	91	0	91	11739
aeon_high_1074	0.01299	0.011739	0.00000	0.000000	91	0	91	11739
aeon_high_0992	0.01299	0.011740	0.00000	0.000000	91	0	91	11740
aeon_high_0975	0.01299	0.011739	0.00000	0.000000	91	0	91	11739
aeon_high_0902	0.01299	0.011717	0.00000	0.000000	91	0	91	11717
aeon_high_1481	0.01285	0.011609	0.00000	0.000000	90	0	90	11609
aeon_high_1378	0.01285	0.011600	0.00000	0.000000	90	0	90	11600
aeon_high_1324	0.01285	0.011611	0.00000	0.000000	90	0	90	11611
aeon_high_1311	0.01285	0.011607	0.00000	0.000000	90	0	90	11607
aeon_high_1292	0.01285	0.011568	0.00000	0.000000	90	0	90	11568
aeon_high_1117	0.01285	0.011610	0.00000	0.000000	90	0	90	11610
aeon_high_1026	0.01285	0.011600	0.00000	0.000000	90	0	90	11600
aeon_high_1016	0.01285	0.011601	0.00000	0.000000	90	0	90	11601
aeon_high_0827	0.01285	0.011612	0.00000	0.000000	90	0	90	11612
aeon_high_1440	0.01271	0.011480	0.00000	0.000000	89	0	89	11480
aeon_high_1277	0.01271	0.011480	0.00000	0.000000	89	0	89	11480
aeon_high_1162	0.01271	0.011470	0.00000	0.000000	89	0	89	11470
aeon_high_1498	0.01257	0.011350	0.00000	0.000000	88	0	88	11350
aeon_high_1456	0.01257	0.011352	0.00000	0.000000	88	0	88	11352
aeon_high_1442	0.01257	0.011353	0.00000	0.000000	88	0	88	11353
aeon_high_1357	0.01257	0.011343	0.00000	0.000000	88	0	88	11343
aeon_high_1308	0.01257	0.011350	0.00000	0.000000	88	0	88	11350
aeon_high_1253	0.01257	0.011353	0.00000	0.000000	88	0	88	11353
aeon_high_1189	0.01257	0.011352	0.00000	0.000000	88	0	88	11352
aeon_high_1066	0.01257	0.011351	0.00000	0.000000	88	0	88	11351
aeon_high_0894	0.01257	0.011324	0.00000	0.000000	88	0	88	11324
aeon_high_0893	0.01257	0.011352	0.00000	0.000000	88	0	88	11352
aeon_high_0806	0.01257	0.011352	0.00000	0.000000	88	0	88	11352
aeon_high_0736	0.01257	0.011352	0.00000	0.000000	88	0	88	11352
aeon_high_1318	0.01242	0.011213	0.00000	0.000000	87	0	87	11213
aeon_high_1245	0.01242	0.011223	0.00000	0.000000	87	0	87	11223
aeon_high_1078	0.01242	0.011221	0.00000	0.000000	87	0	87	11221
aeon_high_1027	0.01242	0.011222	0.00000	0.000000	87	0	87	11222
aeon_high_1001	0.01242	0.011223	0.00000	0.000000	87	0	87	11223
aeon_high_0913	0.01242	0.011224	0.00000	0.000000	87	0	87	11224
aeon_high_0725	0.01242	0.011223	0.00000	0.000000	87	0	87	11223
aeon_high_0717	0.01242	0.011219	0.00000	0.000000	87	0	87	11219
aeon_high_0701	0.01242	0.011215	0.00000	0.000000	87	0	87	11215
aeon_high_1513	0.01228	0.011094	0.00000	0.000000	86	0	86	11094
aeon_high_1272	0.01228	0.011094	0.00000	0.000000	86	0	86	11094
aeon_high_1151	0.01228	0.011087	0.00000	0.000000	86	0	86	11087
aeon_high_1045	0.01228	0.011094	0.00000	0.000000	86	0	86	11094
aeon_high_0911	0.01228	0.011092	0.00000	0.000000	86	0	86	11092
aeon_high_0871	0.01228	0.011094	0.00000	0.000000	86	0	86	11094
aeon_high_0859	0.01228	0.011095	0.00000	0.000000	86	0	86	11095
aeon_high_0858	0.01228	0.011094	0.00000	0.000000	86	0	86	11094
aeon_high_0854	0.01228	0.011094	0.00000	0.000000	86	0	86	11094
aeon_high_0833	0.01228	0.011091	0.00000	0.000000	86	0	86	11091
aeon_high_0773	0.01228	0.011094	0.00000	0.000000	86	0	86	11094
aeon_high_0753	0.01228	0.011094	0.00000	0.000000	86	0	86	11094
aeon_high_1527	0.01214	0.010965	0.00000	0.000000	85	0	85	10965
aeon_high_1477	0.01214	0.010965	0.00000	0.000000	85	0	85	10965
aeon_high_1388	0.01214	0.010962	0.00000	0.000000	85	0	85	10962
aeon_high_1226	0.01214	0.010964	0.00000	0.000000	85	0	85	10964
aeon_high_1134	0.01214	0.010938	0.00000	0.000000	85	0	85	10938
aeon_high_1071	0.01214	0.010964	0.00000	0.000000	85	0	85	10964
aeon_high_1039	0.01214	0.010965	0.00000	0.000000	85	0	85	10965
aeon_high_0849	0.01214	0.010964	0.00000	0.000000	85	0	85	10964
aeon_high_0805	0.01214	0.010965	0.00000	0.000000	85	0	85	10965
aeon_high_0747	0.01214	0.010956	0.00000	0.000000	85	0	85	10956
aeon_high_1242	0.01200	0.010853	0.00000	0.000000	84	0	84	10853
aeon_high_1187	0.01200	0.010820	0.00000	0.000000	84	0	84	10820
aeon_high_1167	0.01200	0.010835	0.00000	0.000000	84	0	84	10835
aeon_high_1140	0.01200	0.010837	0.00000	0.000000	84	0	84	10837
aeon_high_0924	0.01200	0.010831	0.00000	0.000000	84	0	84	10831
aeon_high_0752	0.01200	0.010839	0.00000	0.000000	84	0	84	10839
aeon_high_1473	0.01185	0.010706	0.00000	0.000000	83	0	83	10706
aeon_high_1409	0.01185	0.010706	0.00000	0.000000	83	0	83	10706
aeon_high_1396	0.01185	0.010701	0.00000	0.000000	83	0	83	10701
aeon_high_1349	0.01185	0.010707	0.00000	0.000000	83	0	83	10707
aeon_high_1293	0.01185	0.010707	0.00000	0.000000	83	0	83	10707
aeon_high_1241	0.01185	0.010707	0.00000	0.000000	83	0	83	10707
aeon_high_1180	0.01185	0.010707	0.00000	0.000000	83	0	83	10707
aeon_high_1172	0.01185	0.010707	0.00000	0.000000	83	0	83	10707
aeon_high_1170	0.01185	0.010704	0.00000	0.000000	83	0	83	10704
aeon_high_1083	0.01185	0.010707	0.00000	0.000000	83	0	83	10707
aeon_high_1068	0.01185	0.010705	0.00000	0.000000	83	0	83	10705
aeon_high_0993	0.01185	0.010707	0.00000	0.000000	83	0	83	10707
aeon_high_0851	0.01185	0.010673	0.00000	0.000000	83	0	83	10673
aeon_high_0728	0.01185	0.010707	0.00000	0.000000	83	0	83	10707
aeon_high_0695	0.01185	0.010708	0.00000	0.000000	83	0	83	10708
aeon_high_1441	0.01171	0.010581	0.00000	0.000000	82	0	82	10581
aeon_high_1371	0.01171	0.010578	0.00000	0.000000	82	0	82	10578
aeon_high_1244	0.01171	0.010578	0.00000	0.000000	82	0	82	10578
aeon_high_1139	0.01171	0.010570	0.00000	0.000000	82	0	82	10570
aeon_high_0948	0.01171	0.010574	0.00000	0.000000	82	0	82	10574
aeon_high_0860	0.01171	0.010568	0.00000	0.000000	82	0	82	10568
aeon_high_0840	0.01171	0.010505	0.00000	0.000000	82	0	82	10505
aeon_high_0834	0.01171	0.010578	0.00000	0.000000	82	0	82	10578
aeon_high_0809	0.01171	0.010578	0.00000	0.000000	82	0	82	10578
aeon_high_0758	0.01171	0.010581	0.00000	0.000000	82	0	82	10581
aeon_high_0703	0.01171	0.010577	0.00000	0.000000	82	0	82	10577
aeon_high_1496	0.01157	0.010450	0.00000	0.000000	81	0	81	10450
aeon_high_1394	0.01157	0.010449	0.00000	0.000000	81	0	81	10449
aeon_high_1393	0.01157	0.010449	0.00000	0.000000	81	0	81	10449
aeon_high_1276	0.01157	0.010433	0.00000	0.000000	81	0	81	10433
aeon_high_1252	0.01157	0.010452	0.00000	0.000000	81	0	81	10452
aeon_high_1249	0.01157	0.010450	0.00000	0.000000	81	0	81	10450
aeon_high_1155	0.01157	0.010445	0.00000	0.000000	81	0	81	10445
aeon_high_0972	0.01157	0.010445	0.00000	0.000000	81	0	81	10445
aeon_high_0852	0.01157	0.010448	0.00000	0.000000	81	0	81	10448
aeon_high_1487	0.01142	0.010320	0.00000	0.000000	80	0	80	10320
aeon_high_1454	0.01142	0.010321	0.00000	0.000000	80	0	80	10321
aeon_high_1426	0.01142	0.010321	0.00000	0.000000	80	0	80	10321
aeon_high_1356	0.01142	0.010319	0.00000	0.000000	80	0	80	10319
aeon_high_1196	0.01142	0.010321	0.00000	0.000000	80	0	80	10321
aeon_high_1191	0.01142	0.010319	0.00000	0.000000	80	0	80	10319
aeon_high_1138	0.01142	0.010320	0.00000	0.000000	80	0	80	10320
aeon_high_1109	0.01142	0.010319	0.00000	0.000000	80	0	80	10319
aeon_high_0876	0.01142	0.010320	0.00000	0.000000	80	0	80	10320
aeon_high_0779	0.01142	0.010320	0.00000	0.000000	80	0	80	10320
aeon_high_0716	0.01142	0.010319	0.00000	0.000000	80	0	80	10319
aeon_high_1519	0.01128	0.010191	0.00000	0.000000	79	0	79	10191
aeon_high_1448	0.01128	0.010189	0.00000	0.000000	79	0	79	10189
aeon_high_1205	0.01128	0.010192	0.00000	0.000000	79	0	79	10192
aeon_high_1182	0.01128	0.010191	0.00000	0.000000	79	0	79	10191
aeon_high_1166	0.01128	0.010176	0.00000	0.000000	79	0	79	10176
aeon_high_1110	0.01128	0.010191	0.00000	0.000000	79	0	79	10191
aeon_high_1059	0.01128	0.010185	0.00000	0.000000	79	0	79	10185
aeon_high_1013	0.01128	0.010194	0.00000	0.000000	79	0	79	10194
aeon_high_0923	0.01128	0.010192	0.00000	0.000000	79	0	79	10192
aeon_high_0916	0.01128	0.010187	0.00000	0.000000	79	0	79	10187
aeon_high_0874	0.01128	0.010193	0.00000	0.000000	79	0	79	10193
aeon_high_0831	0.01128	0.010191	0.00000	0.000000	79	0	79	10191
aeon_high_0802	0.01128	0.010194	0.00000	0.000000	79	0	79	10194
aeon_high_0746	0.01128	0.010191	0.00000	0.000000	79	0	79	10191
aeon_high_0714	0.01128	0.010191	0.00000	0.000000	79	0	79	10191
aeon_high_0710	0.01128	0.010190	0.00000	0.000000	79	0	79	10190
aeon_high_1385	0.01114	0.010059	0.00000	0.000000	78	0	78	10059
aeon_high_1159	0.01114	0.010058	0.00000	0.000000	78	0	78	10058
aeon_high_1065	0.01114	0.010062	0.00000	0.000000	78	0	78	10062
aeon_high_1028	0.01114	0.010062	0.00000	0.000000	78	0	78	10062
aeon_high_0905	0.01114	0.010062	0.00000	0.000000	78	0	78	10062
aeon_high_0877	0.01114	0.010040	0.00000	0.000000	78	0	78	10040
aeon_high_0873	0.01114	0.010023	0.00000	0.000000	78	0	78	10023
aeon_high_0843	0.01114	0.010062	0.00000	0.000000	78	0	78	10062
aeon_high_1270	0.01100	0.009924	0.00000	0.000000	77	0	77	9924
aeon_high_1051	0.01100	0.009927	0.00000	0.000000	77	0	77	9927
aeon_high_1048	0.01100	0.009917	0.00000	0.000000	77	0	77	9917
aeon_high_0966	0.01100	0.009931	0.00000	0.000000	77	0	77	9931
aeon_high_0800	0.01100	0.009933	0.00000	0.000000	77	0	77	9933
aeon_high_0771	0.01100	0.009933	0.00000	0.000000	77	0	77	9933
aeon_high_0743	0.01100	0.009928	0.00000	0.000000	77	0	77	9928
aeon_high_0726	0.01100	0.009934	0.00000	0.000000	77	0	77	9934
aeon_high_1524	0.01085	0.009804	0.00000	0.000000	76	0	76	9804
aeon_high_1438	0.01085	0.009792	0.00000	0.000000	76	0	76	9792
aeon_high_1414	0.01085	0.009806	0.00000	0.000000	76	0	76	9806
aeon_high_1410	0.01085	0.009804	0.00000	0.000000	76	0	76	9804
aeon_high_1328	0.01085	0.009803	0.00000	0.000000	76	0	76	9803
aeon_high_1325	0.01085	0.009773	0.00000	0.000000	76	0	76	9773
aeon_high_1267	0.01085	0.009803	0.00000	0.000000	76	0	76	9803
aeon_high_1095	0.01085	0.009801	0.00000	0.000000	76	0	76	9801
aeon_high_1082	0.01085	0.009804	0.00000	0.000000	76	0	76	9804
aeon_high_1055	0.01085	0.009805	0.00000	0.000000	76	0	76	9805
aeon_high_0944	0.01085	0.009806	0.00000	0.000000	76	0	76	9806
aeon_high_0826	0.01085	0.009804	0.00000	0.000000	76	0	76	9804
aeon_high_0756	0.01085	0.009805	0.00000	0.000000	76	0	76	9805
aeon_high_0719	0.01085	0.009795	0.00000	0.000000	76	0	76	9795
aeon_high_1459	0.01071	0.009647	0.00000	0.000000	75	0	75	9647
aeon_high_1417	0.01071	0.009675	0.00000	0.000000	75	0	75	9675
aeon_high_1403	0.01071	0.009674	0.00000	0.000000	75	0	75	9674
aeon_high_1268	0.01071	0.009675	0.00000	0.000000	75	0	75	9675
aeon_high_1184	0.01071	0.009674	0.00000	0.000000	75	0	75	9674
aeon_high_0930	0.01071	0.009675	0.00000	0.000000	75	0	75	9675
aeon_high_0899	0.01071	0.009675	0.00000	0.000000	75	0	75	9675
aeon_high_0865	0.01071	0.009674	0.00000	0.000000	75	0	75	9674
aeon_high_0863	0.01071	0.009674	0.00000	0.000000	75	0	75	9674
aeon_high_0832	0.01071	0.009669	0.00000	0.000000	75	0	75	9669
aeon_high_0794	0.01071	0.009672	0.00000	0.000000	75	0	75	9672
aeon_high_0790	0.01071	0.009674	0.00000	0.000000	75	0	75	9674
aeon_high_1525	0.01057	0.009537	0.00000	0.000000	74	0	74	9537
aeon_high_1458	0.01057	0.009545	0.00000	0.000000	74	0	74	9545
aeon_high_1430	0.01057	0.009527	0.00000	0.000000	74	0	74	9527
aeon_high_1408	0.01057	0.009546	0.00000	0.000000	74	0	74	9546
aeon_high_1329	0.01057	0.009546	0.00000	0.000000	74	0	74	9546
aeon_high_1259	0.01057	0.009544	0.00000	0.000000	74	0	74	9544
aeon_high_1149	0.01057	0.009546	0.00000	0.000000	74	0	74	9546
aeon_high_1131	0.01057	0.009546	0.00000	0.000000	74	0	74	9546
aeon_high_0875	0.01057	0.009546	0.00000	0.000000	74	0	74	9546
aeon_high_0856	0.01057	0.009548	0.00000	0.000000	74	0	74	9548
aeon_high_0821	0.01057	0.009533	0.00000	0.000000	74	0	74	9533
aeon_high_0729	0.01057	0.009536	0.00000	0.000000	74	0	74	9536
aeon_high_1470	0.01042	0.009418	0.00000	0.000000	73	0	73	9418
aeon_high_1390	0.01042	0.009414	0.00000	0.000000	73	0	73	9414
aeon_high_1171	0.01042	0.009404	0.00000	0.000000	73	0	73	9404
aeon_high_0988	0.01042	0.009417	0.00000	0.000000	73	0	73	9417
aeon_high_0977	0.01042	0.009416	0.00000	0.000000	73	0	73	9416
aeon_high_0960	0.01042	0.009409	0.00000	0.000000	73	0	73	9409
aeon_high_0958	0.01042	0.009404	0.00000	0.000000	73	0	73	9404
aeon_high_0792	0.01042	0.009389	0.00000	0.000000	73	0	73	9389
aeon_high_0744	0.01042	0.009417	0.00000	0.000000	73	0	73	9417
aeon_high_1493	0.01028	0.009289	0.00000	0.000000	72	0	72	9289
aeon_high_1400	0.01028	0.009287	0.00000	0.000000	72	0	72	9287
aeon_high_1350	0.01028	0.009288	0.00000	0.000000	72	0	72	9288
aeon_high_1330	0.01028	0.009288	0.00000	0.000000	72	0	72	9288
aeon_high_1305	0.01028	0.009288	0.00000	0.000000	72	0	72	9288
aeon_high_1297	0.01028	0.009290	0.00000	0.000000	72	0	72	9290
aeon_high_1208	0.01028	0.009290	0.00000	0.000000	72	0	72	9290
aeon_high_1091	0.01028	0.009288	0.00000	0.000000	72	0	72	9288
aeon_high_1087	0.01028	0.009249	0.00000	0.000000	72	0	72	9249
aeon_high_0997	0.01028	0.009286	0.00000	0.000000	72	0	72	9286
aeon_high_0979	0.01028	0.009270	0.00000	0.000000	72	0	72	9270
aeon_high_0971	0.01028	0.009287	0.00000	0.000000	72	0	72	9287
aeon_high_0920	0.01028	0.009289	0.00000	0.000000	72	0	72	9289
aeon_high_0892	0.01028	0.009287	0.00000	0.000000	72	0	72	9287
aeon_high_0855	0.01028	0.009286	0.00000	0.000000	72	0	72	9286
aeon_high_0846	0.01028	0.009282	0.00000	0.000000	72	0	72	9282
aeon_high_0778	0.01028	0.009288	0.00000	0.000000	72	0	72	9288
aeon_high_1489	0.01014	0.009159	0.00000	0.000000	71	0	71	9159
aeon_high_1453	0.01014	0.009150	0.00000	0.000000	71	0	71	9150
aeon_high_1433	0.01014	0.009158	0.00000	0.000000	71	0	71	9158
aeon_high_1345	0.01014	0.009150	0.00000	0.000000	71	0	71	9150
aeon_high_1334	0.01014	0.009159	0.00000	0.000000	71	0	71	9159
aeon_high_1332	0.01014	0.009161	0.00000	0.000000	71	0	71	9161
aeon_high_1309	0.01014	0.009159	0.00000	0.000000	71	0	71	9159
aeon_high_1175	0.01014	0.009159	0.00000	0.000000	71	0	71	9159
aeon_high_1147	0.01014	0.009160	0.00000	0.000000	71	0	71	9160
aeon_high_1073	0.01014	0.009148	0.00000	0.000000	71	0	71	9148
aeon_high_1021	0.01014	0.009159	0.00000	0.000000	71	0	71	9159
aeon_high_0934	0.01014	0.009158	0.00000	0.000000	71	0	71	9158
aeon_high_0768	0.01014	0.009133	0.00000	0.000000	71	0	71	9133
aeon_high_1369	0.01000	0.009030	0.00000	0.000000	70	0	70	9030
aeon_high_1304	0.01000	0.009032	0.00000	0.000000	70	0	70	9032
aeon_high_1290	0.01000	0.009030	0.00000	0.000000	70	0	70	9030
aeon_high_1217	0.01000	0.009032	0.00000	0.000000	70	0	70	9032
aeon_high_1165	0.01000	0.009030	0.00000	0.000000	70	0	70	9030
aeon_high_1128	0.01000	0.009031	0.00000	0.000000	70	0	70	9031
aeon_high_0962	0.01000	0.009029	0.00000	0.000000	70	0	70	9029
aeon_high_0928	0.01000	0.009029	0.00000	0.000000	70	0	70	9029
aeon_high_0881	0.01000	0.009029	0.00000	0.000000	70	0	70	9029
aeon_high_1507	0.00985	0.008901	0.00000	0.000000	69	0	69	8901
aeon_high_1463	0.00985	0.008901	0.00000	0.000000	69	0	69	8901
aeon_high_1313	0.00985	0.008878	0.00000	0.000000	69	0	69	8878
aeon_high_1260	0.00985	0.008901	0.00000	0.000000	69	0	69	8901
aeon_high_1223	0.00985	0.008901	0.00000	0.000000	69	0	69	8901
aeon_high_0801	0.00985	0.008899	0.00000	0.000000	69	0	69	8899
aeon_high_1157	0.00971	0.008774	0.00000	0.000000	68	0	68	8774
aeon_high_1121	0.00971	0.008775	0.00000	0.000000	68	0	68	8775
aeon_high_1112	0.00971	0.008773	0.00000	0.000000	68	0	68	8773
aeon_high_0957	0.00971	0.008772	0.00000	0.000000	68	0	68	8772
aeon_high_0884	0.00971	0.008773	0.00000	0.000000	68	0	68	8773
aeon_high_0813	0.00971	0.008772	0.00000	0.000000	68	0	68	8772
aeon_high_0741	0.00971	0.008764	0.00000	0.000000	68	0	68	8764
aeon_high_0738	0.00971	0.008772	0.00000	0.000000	68	0	68	8772
aeon_high_1511	0.00957	0.008639	0.00000	0.000000	67	0	67	8639
aeon_high_1340	0.00957	0.008630	0.00000	0.000000	67	0	67	8630
aeon_high_1156	0.00957	0.008637	0.00000	0.000000	67	0	67	8637
aeon_high_1088	0.00957	0.008627	0.00000	0.000000	67	0	67	8627
aeon_high_0994	0.00957	0.008639	0.00000	0.000000	67	0	67	8639
aeon_high_0969	0.00957	0.008643	0.00000	0.000000	67	0	67	8643
aeon_high_0740	0.00957	0.008642	0.00000	0.000000	67	0	67	8642
aeon_high_1504	0.00942	0.008514	0.00000	0.000000	66	0	66	8514
aeon_high_1499	0.00942	0.008514	0.00000	0.000000	66	0	66	8514
aeon_high_1404	0.00942	0.008514	0.00000	0.000000	66	0	66	8514
aeon_high_1295	0.00942	0.008514	0.00000	0.000000	66	0	66	8514
aeon_high_1273	0.00942	0.008486	0.00000	0.000000	66	0	66	8486
aeon_high_1228	0.00942	0.008514	0.00000	0.000000	66	0	66	8514
aeon_high_1132	0.00942	0.008514	0.00000	0.000000	66	0	66	8514
aeon_high_1053	0.00942	0.008502	0.00000	0.000000	66	0	66	8502
aeon_high_1025	0.00942	0.008514	0.00000	0.000000	66	0	66	8514
aeon_high_0982	0.00942	0.008514	0.00000	0.000000	66	0	66	8514
aeon_high_0946	0.00942	0.008514	0.00000	0.000000	66	0	66	8514
aeon_high_0879	0.00942	0.008512	0.00000	0.000000	66	0	66	8512
aeon_high_0820	0.00942	0.008514	0.00000	0.000000	66	0	66	8514
aeon_high_0770	0.00942	0.008514	0.00000	0.000000	66	0	66	8514
aeon_high_0750	0.00942	0.008513	0.00000	0.000000	66	0	66	8513
aeon_high_1462	0.00928	0.008385	0.00000	0.000000	65	0	65	8385
aeon_high_1382	0.00928	0.008370	0.00000	0.000000	65	0	65	8370
aeon_high_1145	0.00928	0.008381	0.00000	0.000000	65	0	65	8381
aeon_high_1009	0.00928	0.008366	0.00000	0.000000	65	0	65	8366
aeon_high_0927	0.00928	0.008385	0.00000	0.000000	65	0	65	8385
aeon_high_0787	0.00928	0.008385	0.00000	0.000000	65	0	65	8385
aeon_high_0700	0.00928	0.008384	0.00000	0.000000	65	0	65	8384
aeon_high_1310	0.00914	0.008256	0.00000	0.000000	64	0	64	8256
aeon_high_1248	0.00914	0.008256	0.00000	0.000000	64	0	64	8256
aeon_high_1230	0.00914	0.008256	0.00000	0.000000	64	0	64	8256
aeon_high_1221	0.00914	0.008256	0.00000	0.000000	64	0	64	8256
aeon_high_1129	0.00914	0.008256	0.00000	0.000000	64	0	64	8256
aeon_high_1111	0.00914	0.008258	0.00000	0.000000	64	0	64	8258
aeon_high_1054	0.00914	0.008257	0.00000	0.000000	64	0	64	8257
aeon_high_0956	0.00914	0.008256	0.00000	0.000000	64	0	64	8256
aeon_high_1247	0.00900	0.008130	0.00000	0.000000	63	0	63	8130
aeon_high_1108	0.00900	0.008127	0.00000	0.000000	63	0	63	8127
aeon_high_1057	0.00900	0.008119	0.00000	0.000000	63	0	63	8119
aeon_high_0952	0.00900	0.008127	0.00000	0.000000	63	0	63	8127
aeon_high_0882	0.00900	0.008128	0.00000	0.000000	63	0	63	8128
aeon_high_1373	0.00885	0.007998	0.00000	0.000000	62	0	62	7998
aeon_high_1239	0.00885	0.007999	0.00000	0.000000	62	0	62	7999
aeon_high_1218	0.00885	0.007997	0.00000	0.000000	62	0	62	7997
aeon_high_1141	0.00885	0.007998	0.00000	0.000000	62	0	62	7998
aeon_high_1103	0.00885	0.007999	0.00000	0.000000	62	0	62	7999
aeon_high_0990	0.00885	0.007998	0.00000	0.000000	62	0	62	7998
aeon_high_0904	0.00885	0.007997	0.00000	0.000000	62	0	62	7997
aeon_high_0853	0.00885	0.007998	0.00000	0.000000	62	0	62	7998
aeon_high_1516	0.00871	0.007866	0.00000	0.000000	61	0	61	7866
aeon_high_1482	0.00871	0.007870	0.00000	0.000000	61	0	61	7870
aeon_high_1429	0.00871	0.007869	0.00000	0.000000	61	0	61	7869
aeon_high_1416	0.00871	0.007865	0.00000	0.000000	61	0	61	7865
aeon_high_1354	0.00871	0.007869	0.00000	0.000000	61	0	61	7869
aeon_high_1333	0.00871	0.007870	0.00000	0.000000	61	0	61	7870
aeon_high_1307	0.00871	0.007868	0.00000	0.000000	61	0	61	7868
aeon_high_1299	0.00871	0.007867	0.00000	0.000000	61	0	61	7867
aeon_high_1199	0.00871	0.007870	0.00000	0.000000	61	0	61	7870
aeon_high_1143	0.00871	0.007868	0.00000	0.000000	61	0	61	7868
aeon_high_1092	0.00871	0.007868	0.00000	0.000000	61	0	61	7868
aeon_high_1032	0.00871	0.007870	0.00000	0.000000	61	0	61	7870
aeon_high_1020	0.00871	0.007870	0.00000	0.000000	61	0	61	7870
aeon_high_1000	0.00871	0.007871	0.00000	0.000000	61	0	61	7871
aeon_high_0839	0.00871	0.007869	0.00000	0.000000	61	0	61	7869
aeon_high_0791	0.00871	0.007869	0.00000	0.000000	61	0	61	7869
aeon_high_0761	0.00871	0.007869	0.00000	0.000000	61	0	61	7869
aeon_high_1439	0.00857	0.007735	0.00000	0.000000	60	0	60	7735
aeon_high_1360	0.00857	0.007740	0.00000	0.000000	60	0	60	7740
aeon_high_1077	0.00857	0.007738	0.00000	0.000000	60	0	60	7738
aeon_high_1067	0.00857	0.007740	0.00000	0.000000	60	0	60	7740
aeon_high_1419	0.00843	0.007611	0.00000	0.000000	59	0	59	7611
aeon_high_1321	0.00843	0.007610	0.00000	0.000000	59	0	59	7610
aeon_high_1251	0.00843	0.007603	0.00000	0.000000	59	0	59	7603
aeon_high_1250	0.00843	0.007611	0.00000	0.000000	59	0	59	7611
aeon_high_1206	0.00843	0.007606	0.00000	0.000000	59	0	59	7606
aeon_high_1137	0.00843	0.007609	0.00000	0.000000	59	0	59	7609
aeon_high_1018	0.00843	0.007615	0.00000	0.000000	59	0	59	7615
aeon_high_0996	0.00843	0.007611	0.00000	0.000000	59	0	59	7611
aeon_high_0926	0.00843	0.007597	0.00000	0.000000	59	0	59	7597
aeon_high_0867	0.00843	0.007611	0.00000	0.000000	59	0	59	7611
aeon_high_0757	0.00843	0.007595	0.00000	0.000000	59	0	59	7595
aeon_high_0727	0.00843	0.007611	0.00000	0.000000	59	0	59	7611
aeon_high_1451	0.00828	0.007479	0.00000	0.000000	58	0	58	7479
aeon_high_1444	0.00828	0.007481	0.00000	0.000000	58	0	58	7481
aeon_high_1323	0.00828	0.007481	0.00000	0.000000	58	0	58	7481
aeon_high_1296	0.00828	0.007483	0.00000	0.000000	58	0	58	7483
aeon_high_1275	0.00828	0.007482	0.00000	0.000000	58	0	58	7482
aeon_high_1090	0.00828	0.007482	0.00000	0.000000	58	0	58	7482
aeon_high_1064	0.00828	0.007482	0.00000	0.000000	58	0	58	7482
aeon_high_0891	0.00828	0.007482	0.00000	0.000000	58	0	58	7482
aeon_high_0838	0.00828	0.007479	0.00000	0.000000	58	0	58	7479
aeon_high_0825	0.00828	0.007479	0.00000	0.000000	58	0	58	7479
aeon_high_1464	0.00814	0.007353	0.00000	0.000000	57	0	57	7353
aeon_high_1395	0.00814	0.007352	0.00000	0.000000	57	0	57	7352
aeon_high_1374	0.00814	0.007349	0.00000	0.000000	57	0	57	7349
aeon_high_1372	0.00814	0.007354	0.00000	0.000000	57	0	57	7354
aeon_high_1315	0.00814	0.007353	0.00000	0.000000	57	0	57	7353
aeon_high_1099	0.00814	0.007353	0.00000	0.000000	57	0	57	7353
aeon_high_1060	0.00814	0.007353	0.00000	0.000000	57	0	57	7353
aeon_high_1007	0.00814	0.007353	0.00000	0.000000	57	0	57	7353
aeon_high_0724	0.00814	0.007348	0.00000	0.000000	57	0	57	7348
aeon_high_1490	0.00800	0.007224	0.00000	0.000000	56	0	56	7224
aeon_high_1269	0.00800	0.007218	0.00000	0.000000	56	0	56	7218
aeon_high_1031	0.00800	0.007224	0.00000	0.000000	56	0	56	7224
aeon_high_0968	0.00800	0.007215	0.00000	0.000000	56	0	56	7215
aeon_high_0954	0.00800	0.007224	0.00000	0.000000	56	0	56	7224
aeon_high_0870	0.00800	0.007212	0.00000	0.000000	56	0	56	7212
aeon_high_0769	0.00800	0.007222	0.00000	0.000000	56	0	56	7222
aeon_high_0733	0.00800	0.007219	0.00000	0.000000	56	0	56	7219
aeon_high_1526	0.00785	0.007086	0.00000	0.000000	55	0	55	7086
aeon_high_1469	0.00785	0.007095	0.00000	0.000000	55	0	55	7095
aeon_high_1326	0.00785	0.007095	0.00000	0.000000	55	0	55	7095
aeon_high_1303	0.00785	0.007095	0.00000	0.000000	55	0	55	7095
aeon_high_1232	0.00785	0.007095	0.00000	0.000000	55	0	55	7095
aeon_high_1154	0.00785	0.007093	0.00000	0.000000	55	0	55	7093
aeon_high_1076	0.00785	0.007095	0.00000	0.000000	55	0	55	7095
aeon_high_0848	0.00785	0.007092	0.00000	0.000000	55	0	55	7092
aeon_high_0803	0.00785	0.007095	0.00000	0.000000	55	0	55	7095
aeon_high_0785	0.00785	0.007096	0.00000	0.000000	55	0	55	7096
aeon_high_1502	0.00771	0.006966	0.00000	0.000000	54	0	54	6966
aeon_high_1467	0.00771	0.006930	0.00000	0.000000	54	0	54	6930
aeon_high_1406	0.00771	0.006966	0.00000	0.000000	54	0	54	6966
aeon_high_1402	0.00771	0.006966	0.00000	0.000000	54	0	54	6966
aeon_high_1364	0.00771	0.006954	0.00000	0.000000	54	0	54	6954
aeon_high_1294	0.00771	0.006966	0.00000	0.000000	54	0	54	6966
aeon_high_1192	0.00771	0.006949	0.00000	0.000000	54	0	54	6949
aeon_high_1106	0.00771	0.006949	0.00000	0.000000	54	0	54	6949
aeon_high_0964	0.00771	0.006968	0.00000	0.000000	54	0	54	6968
aeon_high_1363	0.00757	0.006838	0.00000	0.000000	53	0	53	6838
aeon_high_1283	0.00757	0.006837	0.00000	0.000000	53	0	53	6837
aeon_high_1011	0.00757	0.006838	0.00000	0.000000	53	0	53	6838
aeon_high_0883	0.00757	0.006837	0.00000	0.000000	53	0	53	6837
aeon_high_0811	0.00757	0.006837	0.00000	0.000000	53	0	53	6837
aeon_high_0762	0.00757	0.006837	0.00000	0.000000	53	0	53	6837
aeon_high_1425	0.00743	0.006709	0.00000	0.000000	52	0	52	6709
aeon_high_1367	0.00743	0.006707	0.00000	0.000000	52	0	52	6707
aeon_high_1346	0.00743	0.006708	0.00000	0.000000	52	0	52	6708
aeon_high_1243	0.00743	0.006709	0.00000	0.000000	52	0	52	6709
aeon_high_1225	0.00743	0.006708	0.00000	0.000000	52	0	52	6708
aeon_high_1052	0.00743	0.006708	0.00000	0.000000	52	0	52	6708
aeon_high_0965	0.00743	0.006706	0.00000	0.000000	52	0	52	6706
aeon_high_0906	0.00743	0.006708	0.00000	0.000000	52	0	52	6708
aeon_high_0824	0.00743	0.006704	0.00000	0.000000	52	0	52	6704
aeon_high_0749	0.00743	0.006708	0.00000	0.000000	52	0	52	6708
aeon_high_1505	0.00728	0.006577	0.00000	0.000000	51	0	51	6577
aeon_high_1491	0.00728	0.006579	0.00000	0.000000	51	0	51	6579
aeon_high_1384	0.00728	0.006579	0.00000	0.000000	51	0	51	6579
aeon_high_1383	0.00728	0.006580	0.00000	0.000000	51	0	51	6580
aeon_high_1298	0.00728	0.006579	0.00000	0.000000	51	0	51	6579
aeon_high_1219	0.00728	0.006572	0.00000	0.000000	51	0	51	6572
aeon_high_1188	0.00728	0.006579	0.00000	0.000000	51	0	51	6579
aeon_high_1049	0.00728	0.006579	0.00000	0.000000	51	0	51	6579
aeon_high_0991	0.00728	0.006579	0.00000	0.000000	51	0	51	6579
aeon_high_0959	0.00728	0.006579	0.00000	0.000000	51	0	51	6579
aeon_high_0812	0.00728	0.006579	0.00000	0.000000	51	0	51	6579
aeon_high_0780	0.00728	0.006578	0.00000	0.000000	51	0	51	6578
aeon_high_1508	0.00714	0.006448	0.00000	0.000000	50	0	50	6448
aeon_high_1503	0.00714	0.006450	0.00000	0.000000	50	0	50	6450
aeon_high_1468	0.00714	0.006450	0.00000	0.000000	50	0	50	6450
aeon_high_1327	0.00714	0.006450	0.00000	0.000000	50	0	50	6450
aeon_high_1231	0.00714	0.006450	0.00000	0.000000	50	0	50	6450
aeon_high_1144	0.00714	0.006450	0.00000	0.000000	50	0	50	6450
aeon_high_0888	0.00714	0.006453	0.00000	0.000000	50	0	50	6453
aeon_high_0788	0.00714	0.006450	0.00000	0.000000	50	0	50	6450
aeon_high_1518	0.00700	0.006317	0.00000	0.000000	49	0	49	6317
aeon_high_1471	0.00700	0.006322	0.00000	0.000000	49	0	49	6322
aeon_high_1411	0.00700	0.006321	0.00000	0.000000	49	0	49	6321
aeon_high_1233	0.00700	0.006321	0.00000	0.000000	49	0	49	6321
aeon_high_1211	0.00700	0.006321	0.00000	0.000000	49	0	49	6321
aeon_high_1209	0.00700	0.006320	0.00000	0.000000	49	0	49	6320
aeon_high_0808	0.00700	0.006321	0.00000	0.000000	49	0	49	6321
aeon_high_0721	0.00700	0.006321	0.00000	0.000000	49	0	49	6321
aeon_high_1348	0.00685	0.006191	0.00000	0.000000	48	0	48	6191
aeon_high_1254	0.00685	0.006192	0.00000	0.000000	48	0	48	6192
aeon_high_1050	0.00685	0.006192	0.00000	0.000000	48	0	48	6192
aeon_high_0998	0.00685	0.006192	0.00000	0.000000	48	0	48	6192
aeon_high_0751	0.00685	0.006192	0.00000	0.000000	48	0	48	6192
aeon_high_1428	0.00671	0.006065	0.00000	0.000000	47	0	47	6065
aeon_high_1062	0.00671	0.006052	0.00000	0.000000	47	0	47	6052
aeon_high_0953	0.00671	0.006063	0.00000	0.000000	47	0	47	6063
aeon_high_0819	0.00671	0.006056	0.00000	0.000000	47	0	47	6056
aeon_high_1500	0.00657	0.005929	0.00000	0.000000	46	0	46	5929
aeon_high_1207	0.00657	0.005934	0.00000	0.000000	46	0	46	5934
aeon_high_1089	0.00657	0.005934	0.00000	0.000000	46	0	46	5934
aeon_high_0864	0.00657	0.005934	0.00000	0.000000	46	0	46	5934
aeon_high_1506	0.00643	0.005793	0.00000	0.000000	45	0	45	5793
aeon_high_1485	0.00643	0.005796	0.00000	0.000000	45	0	45	5796
aeon_high_1347	0.00643	0.005753	0.00000	0.000000	45	0	45	5753
aeon_high_1127	0.00643	0.005806	0.00000	0.000000	45	0	45	5806
aeon_high_0872	0.00643	0.005791	0.00000	0.000000	45	0	45	5791
aeon_high_1317	0.00628	0.005678	0.00000	0.000000	44	0	44	5678
aeon_high_1212	0.00628	0.005675	0.00000	0.000000	44	0	44	5675
aeon_high_1098	0.00628	0.005676	0.00000	0.000000	44	0	44	5676
aeon_high_0949	0.00628	0.005676	0.00000	0.000000	44	0	44	5676
aeon_high_0900	0.00628	0.005676	0.00000	0.000000	44	0	44	5676
aeon_high_0850	0.00614	0.005546	0.00000	0.000000	43	0	43	5546
aeon_high_0730	0.00614	0.005548	0.00000	0.000000	43	0	43	5548
aeon_high_0713	0.00614	0.005547	0.00000	0.000000	43	0	43	5547
aeon_high_1023	0.00600	0.005412	0.00000	0.000000	42	0	42	5412
aeon_high_0789	0.00600	0.005415	0.00000	0.000000	42	0	42	5415
aeon_high_1512	0.00585	0.005289	0.00000	0.000000	41	0	41	5289
aeon_high_1355	0.00585	0.005289	0.00000	0.000000	41	0	41	5289
aeon_high_1093	0.00585	0.005290	0.00000	0.000000	41	0	41	5290
aeon_high_0786	0.00585	0.005289	0.00000	0.000000	41	0	41	5289
aeon_high_1422	0.00571	0.005160	0.00000	0.000000	40	0	40	5160
aeon_high_1344	0.00571	0.005161	0.00000	0.000000	40	0	40	5161
aeon_high_1235	0.00571	0.005159	0.00000	0.000000	40	0	40	5159
aeon_high_1234	0.00571	0.005160	0.00000	0.000000	40	0	40	5160
aeon_high_1198	0.00571	0.005160	0.00000	0.000000	40	0	40	5160
aeon_high_1044	0.00571	0.005156	0.00000	0.000000	40	0	40	5156
aeon_high_0739	0.00571	0.005160	0.00000	0.000000	40	0	40	5160
aeon_high_0734	0.00571	0.005149	0.00000	0.000000	40	0	40	5149
aeon_high_1494	0.00557	0.005032	0.00000	0.000000	39	0	39	5032
aeon_high_1450	0.00557	0.005029	0.00000	0.000000	39	0	39	5029
aeon_high_1204	0.00557	0.005030	0.00000	0.000000	39	0	39	5030
aeon_high_0776	0.00557	0.005030	0.00000	0.000000	39	0	39	5030
aeon_high_1437	0.00543	0.004900	0.00000	0.000000	38	0	38	4900
aeon_high_1431	0.00543	0.004900	0.00000	0.000000	38	0	38	4900
aeon_high_1337	0.00543	0.004902	0.00000	0.000000	38	0	38	4902
aeon_high_1120	0.00543	0.004903	0.00000	0.000000	38	0	38	4903
aeon_high_1086	0.00543	0.004900	0.00000	0.000000	38	0	38	4900
aeon_high_1033	0.00543	0.004902	0.00000	0.000000	38	0	38	4902
aeon_high_0845	0.00543	0.004903	0.00000	0.000000	38	0	38	4903
aeon_high_0814	0.00543	0.004884	0.00000	0.000000	38	0	38	4884
aeon_high_1421	0.00528	0.004770	0.00000	0.000000	37	0	37	4770
aeon_high_1412	0.00528	0.004767	0.00000	0.000000	37	0	37	4767
aeon_high_1282	0.00528	0.004772	0.00000	0.000000	37	0	37	4772
aeon_high_1096	0.00528	0.004773	0.00000	0.000000	37	0	37	4773
aeon_high_1005	0.00528	0.004774	0.00000	0.000000	37	0	37	4774
aeon_high_0950	0.00528	0.004773	0.00000	0.000000	37	0	37	4773
aeon_high_0945	0.00528	0.004763	0.00000	0.000000	37	0	37	4763
aeon_high_1447	0.00514	0.004644	0.00000	0.000000	36	0	36	4644
aeon_high_1264	0.00514	0.004643	0.00000	0.000000	36	0	36	4643
aeon_high_1104	0.00514	0.004644	0.00000	0.000000	36	0	36	4644
aeon_high_1079	0.00514	0.004644	0.00000	0.000000	36	0	36	4644
aeon_high_0986	0.00514	0.004644	0.00000	0.000000	36	0	36	4644
aeon_high_0973	0.00514	0.004644	0.00000	0.000000	36	0	36	4644
aeon_high_0931	0.00514	0.004612	0.00000	0.000000	36	0	36	4612
aeon_high_0823	0.00514	0.004634	0.00000	0.000000	36	0	36	4634
aeon_high_0707	0.00514	0.004644	0.00000	0.000000	36	0	36	4644
aeon_high_1465	0.00500	0.004515	0.00000	0.000000	35	0	35	4515
aeon_high_1224	0.00500	0.004517	0.00000	0.000000	35	0	35	4517
aeon_high_1216	0.00500	0.004515	0.00000	0.000000	35	0	35	4515
aeon_high_1190	0.00500	0.004516	0.00000	0.000000	35	0	35	4516
aeon_high_1041	0.00500	0.004514	0.00000	0.000000	35	0	35	4514
aeon_high_0829	0.00500	0.004509	0.00000	0.000000	35	0	35	4509
aeon_high_0705	0.00500	0.004515	0.00000	0.000000	35	0	35	4515
aeon_high_1281	0.00486	0.004386	0.00000	0.000000	34	0	34	4386
aeon_high_0732	0.00486	0.004386	0.00000	0.000000	34	0	34	4386
aeon_high_1257	0.00471	0.004257	0.00000	0.000000	33	0	33	4257
aeon_high_1115	0.00471	0.004257	0.00000	0.000000	33	0	33	4257
aeon_high_1100	0.00471	0.004257	0.00000	0.000000	33	0	33	4257
aeon_high_0910	0.00471	0.004260	0.00000	0.000000	33	0	33	4260
aeon_high_0861	0.00471	0.004257	0.00000	0.000000	33	0	33	4257
aeon_high_0718	0.00471	0.004257	0.00000	0.000000	33	0	33	4257
aeon_high_1376	0.00457	0.004121	0.00000	0.000000	32	0	32	4121
aeon_high_1037	0.00457	0.004130	0.00000	0.000000	32	0	32	4130
aeon_high_0810	0.00457	0.004128	0.00000	0.000000	32	0	32	4128
aeon_high_1407	0.00443	0.003991	0.00000	0.000000	31	0	31	3991
aeon_high_1161	0.00443	0.003999	0.00000	0.000000	31	0	31	3999
aeon_high_1116	0.00443	0.003999	0.00000	0.000000	31	0	31	3999
aeon_high_1449	0.00428	0.003869	0.00000	0.000000	30	0	30	3869
aeon_high_1353	0.00428	0.003870	0.00000	0.000000	30	0	30	3870
aeon_high_1287	0.00428	0.003868	0.00000	0.000000	30	0	30	3868
aeon_high_1214	0.00428	0.003870	0.00000	0.000000	30	0	30	3870
aeon_high_1213	0.00428	0.003870	0.00000	0.000000	30	0	30	3870
aeon_high_1124	0.00428	0.003871	0.00000	0.000000	30	0	30	3871
aeon_high_1043	0.00428	0.003866	0.00000	0.000000	30	0	30	3866
aeon_high_1006	0.00428	0.003870	0.00000	0.000000	30	0	30	3870
aeon_high_0921	0.00414	0.003741	0.00000	0.000000	29	0	29	3741
aeon_high_0775	0.00414	0.003741	0.00000	0.000000	29	0	29	3741
aeon_high_1379	0.00400	0.003612	0.00000	0.000000	28	0	28	3612
aeon_high_1284	0.00400	0.003612	0.00000	0.000000	28	0	28	3612
aeon_high_0886	0.00400	0.003612	0.00000	0.000000	28	0	28	3612
aeon_high_0866	0.00400	0.003613	0.00000	0.000000	28	0	28	3613
aeon_high_0767	0.00400	0.003612	0.00000	0.000000	28	0	28	3612
aeon_high_1522	0.00386	0.003483	0.00000	0.000000	27	0	27	3483
aeon_high_1517	0.00386	0.003481	0.00000	0.000000	27	0	27	3481
aeon_high_1246	0.00386	0.003483	0.00000	0.000000	27	0	27	3483
aeon_high_1097	0.00386	0.003483	0.00000	0.000000	27	0	27	3483
aeon_high_0980	0.00386	0.003467	0.00000	0.000000	27	0	27	3467
aeon_high_0976	0.00386	0.003483	0.00000	0.000000	27	0	27	3483
aeon_high_0781	0.00386	0.003480	0.00000	0.000000	27	0	27	3480
aeon_high_1420	0.00371	0.003354	0.00000	0.000000	26	0	26	3354
aeon_high_1415	0.00371	0.003353	0.00000	0.000000	26	0	26	3353
aeon_high_1181	0.00371	0.003354	0.00000	0.000000	26	0	26	3354
aeon_high_1179	0.00371	0.003353	0.00000	0.000000	26	0	26	3353
aeon_high_1069	0.00371	0.003354	0.00000	0.000000	26	0	26	3354
aeon_high_0915	0.00371	0.003353	0.00000	0.000000	26	0	26	3353
aeon_high_0912	0.00371	0.003354	0.00000	0.000000	26	0	26	3354
aeon_high_0908	0.00371	0.003354	0.00000	0.000000	26	0	26	3354
aeon_high_0895	0.00371	0.003354	0.00000	0.000000	26	0	26	3354
aeon_high_0862	0.00371	0.003354	0.00000	0.000000	26	0	26	3354
aeon_high_0755	0.00371	0.003354	0.00000	0.000000	26	0	26	3354
aeon_high_1375	0.00357	0.003225	0.00000	0.000000	25	0	25	3225
aeon_high_1150	0.00357	0.003223	0.00000	0.000000	25	0	25	3223
aeon_high_1148	0.00357	0.003226	0.00000	0.000000	25	0	25	3226
aeon_high_1002	0.00357	0.003225	0.00000	0.000000	25	0	25	3225
aeon_high_0985	0.00357	0.003225	0.00000	0.000000	25	0	25	3225
aeon_high_0961	0.00357	0.003224	0.00000	0.000000	25	0	25	3224
aeon_high_0933	0.00357	0.003224	0.00000	0.000000	25	0	25	3224
aeon_high_0807	0.00357	0.003225	0.00000	0.000000	25	0	25	3225
aeon_high_1443	0.00343	0.003096	0.00000	0.000000	24	0	24	3096
aeon_high_1301	0.00343	0.003096	0.00000	0.000000	24	0	24	3096
aeon_high_1222	0.00343	0.003096	0.00000	0.000000	24	0	24	3096
aeon_high_1113	0.00343	0.003096	0.00000	0.000000	24	0	24	3096
aeon_high_1058	0.00343	0.003096	0.00000	0.000000	24	0	24	3096
aeon_high_1034	0.00343	0.003096	0.00000	0.000000	24	0	24	3096
aeon_high_0796	0.00343	0.003096	0.00000	0.000000	24	0	24	3096
aeon_high_1424	0.00328	0.002967	0.00000	0.000000	23	0	23	2967
aeon_high_1413	0.00328	0.002967	0.00000	0.000000	23	0	23	2967
aeon_high_1405	0.00328	0.002968	0.00000	0.000000	23	0	23	2968
aeon_high_1387	0.00328	0.002967	0.00000	0.000000	23	0	23	2967
aeon_high_1359	0.00328	0.002954	0.00000	0.000000	23	0	23	2954
aeon_high_1119	0.00328	0.002967	0.00000	0.000000	23	0	23	2967
aeon_high_0940	0.00328	0.002967	0.00000	0.000000	23	0	23	2967
aeon_high_0939	0.00328	0.002967	0.00000	0.000000	23	0	23	2967
aeon_high_0759	0.00328	0.002967	0.00000	0.000000	23	0	23	2967
aeon_high_1186	0.00314	0.002838	0.00000	0.000000	22	0	22	2838
aeon_high_1142	0.00314	0.002838	0.00000	0.000000	22	0	22	2838
aeon_high_1107	0.00314	0.002838	0.00000	0.000000	22	0	22	2838
aeon_high_1521	0.00300	0.002709	0.00000	0.000000	21	0	21	2709
aeon_high_1352	0.00300	0.002709	0.00000	0.000000	21	0	21	2709
aeon_high_1263	0.00300	0.002697	0.00000	0.000000	21	0	21	2697
aeon_high_1183	0.00300	0.002709	0.00000	0.000000	21	0	21	2709
aeon_high_1101	0.00300	0.002709	0.00000	0.000000	21	0	21	2709
aeon_high_1036	0.00300	0.002709	0.00000	0.000000	21	0	21	2709
aeon_high_0897	0.00300	0.002709	0.00000	0.000000	21	0	21	2709
aeon_high_0885	0.00300	0.002709	0.00000	0.000000	21	0	21	2709
aeon_high_0878	0.00300	0.002709	0.00000	0.000000	21	0	21	2709
aeon_high_0712	0.00300	0.002709	0.00000	0.000000	21	0	21	2709
aeon_high_0706	0.00300	0.002709	0.00000	0.000000	21	0	21	2709
aeon_high_1484	0.00286	0.002580	0.00000	0.000000	20	0	20	2580
aeon_high_1432	0.00286	0.002580	0.00000	0.000000	20	0	20	2580
aeon_high_1130	0.00286	0.002580	0.00000	0.000000	20	0	20	2580
aeon_high_1022	0.00286	0.002580	0.00000	0.000000	20	0	20	2580
aeon_high_1004	0.00286	0.002580	0.00000	0.000000	20	0	20	2580
aeon_high_0938	0.00286	0.002580	0.00000	0.000000	20	0	20	2580
aeon_high_0929	0.00286	0.002580	0.00000	0.000000	20	0	20	2580
aeon_high_1466	0.00271	0.002451	0.00000	0.000000	19	0	19	2451
aeon_high_1446	0.00271	0.002451	0.00000	0.000000	19	0	19	2451
aeon_high_1274	0.00271	0.002451	0.00000	0.000000	19	0	19	2451
aeon_high_1126	0.00271	0.002454	0.00000	0.000000	19	0	19	2454
aeon_high_1125	0.00271	0.002451	0.00000	0.000000	19	0	19	2451
aeon_high_0974	0.00271	0.002451	0.00000	0.000000	19	0	19	2451
aeon_high_0963	0.00271	0.002441	0.00000	0.000000	19	0	19	2441
aeon_high_1366	0.00257	0.002322	0.00000	0.000000	18	0	18	2322
aeon_high_1351	0.00257	0.002322	0.00000	0.000000	18	0	18	2322
aeon_high_1202	0.00257	0.002322	0.00000	0.000000	18	0	18	2322
aeon_high_1178	0.00257	0.002322	0.00000	0.000000	18	0	18	2322
aeon_high_1158	0.00257	0.002322	0.00000	0.000000	18	0	18	2322
aeon_high_0955	0.00257	0.002322	0.00000	0.000000	18	0	18	2322
aeon_high_0772	0.00257	0.002322	0.00000	0.000000	18	0	18	2322
aeon_high_0715	0.00257	0.002322	0.00000	0.000000	18	0	18	2322
aeon_high_1455	0.00243	0.002193	0.00000	0.000000	17	0	17	2193
aeon_high_1452	0.00243	0.002193	0.00000	0.000000	17	0	17	2193
aeon_high_1258	0.00243	0.002193	0.00000	0.000000	17	0	17	2193
aeon_high_1102	0.00243	0.002193	0.00000	0.000000	17	0	17	2193
aeon_high_1047	0.00243	0.002193	0.00000	0.000000	17	0	17	2193
aeon_high_0942	0.00243	0.002193	0.00000	0.000000	17	0	17	2193
aeon_high_0919	0.00243	0.002193	0.00000	0.000000	17	0	17	2193
aeon_high_0764	0.00243	0.002193	0.00000	0.000000	17	0	17	2193
aeon_high_0699	0.00243	0.002189	0.00000	0.000000	17	0	17	2189
aeon_high_1486	0.00228	0.002064	0.00000	0.000000	16	0	16	2064
aeon_high_1427	0.00228	0.002064	0.00000	0.000000	16	0	16	2064
aeon_high_1312	0.00228	0.002064	0.00000	0.000000	16	0	16	2064
aeon_high_1271	0.00228	0.002064	0.00000	0.000000	16	0	16	2064
aeon_high_1342	0.00214	0.001935	0.00000	0.000000	15	0	15	1935
aeon_high_1261	0.00214	0.001935	0.00000	0.000000	15	0	15	1935
aeon_high_0978	0.00214	0.001935	0.00000	0.000000	15	0	15	1935
aeon_high_1497	0.00200	0.001806	0.00000	0.000000	14	0	14	1806
aeon_high_1474	0.00200	0.001804	0.00000	0.000000	14	0	14	1804
aeon_high_1389	0.00200	0.001806	0.00000	0.000000	14	0	14	1806
aeon_high_1362	0.00200	0.001806	0.00000	0.000000	14	0	14	1806
aeon_high_1361	0.00200	0.001806	0.00000	0.000000	14	0	14	1806
aeon_high_1085	0.00200	0.001806	0.00000	0.000000	14	0	14	1806
aeon_high_0896	0.00200	0.001806	0.00000	0.000000	14	0	14	1806
aeon_high_0847	0.00200	0.001807	0.00000	0.000000	14	0	14	1807
aeon_high_1331	0.00186	0.001677	0.00000	0.000000	13	0	13	1677
aeon_high_1185	0.00186	0.001677	0.00000	0.000000	13	0	13	1677
aeon_high_1152	0.00186	0.001677	0.00000	0.000000	13	0	13	1677
aeon_high_0766	0.00186	0.001677	0.00000	0.000000	13	0	13	1677
aeon_high_0742	0.00186	0.001677	0.00000	0.000000	13	0	13	1677
aeon_high_1418	0.00171	0.001530	0.00000	0.000000	12	0	12	1530
aeon_high_1322	0.00171	0.001547	0.00000	0.000000	12	0	12	1547
aeon_high_1278	0.00171	0.001548	0.00000	0.000000	12	0	12	1548
aeon_high_1193	0.00171	0.001539	0.00000	0.000000	12	0	12	1539
aeon_high_1173	0.00171	0.001548	0.00000	0.000000	12	0	12	1548
aeon_high_0830	0.00171	0.001548	0.00000	0.000000	12	0	12	1548
aeon_high_0697	0.00171	0.001548	0.00000	0.000000	12	0	12	1548
aeon_high_1457	0.00157	0.001419	0.00000	0.000000	11	0	11	1419
aeon_high_1070	0.00157	0.001419	0.00000	0.000000	11	0	11	1419
aeon_high_0935	0.00157	0.001419	0.00000	0.000000	11	0	11	1419
aeon_high_0711	0.00157	0.001419	0.00000	0.000000	11	0	11	1419
aeon_high_1483	0.00143	0.001290	0.00000	0.000000	10	0	10	1290
aeon_high_1475	0.00143	0.001290	0.00000	0.000000	10	0	10	1290
aeon_high_0818	0.00143	0.001290	0.00000	0.000000	10	0	10	1290
aeon_high_1480	0.00129	0.001161	0.00000	0.000000	9	0	9	1161
aeon_high_1391	0.00129	0.001161	0.00000	0.000000	9	0	9	1161
aeon_high_1255	0.00129	0.001158	0.00000	0.000000	9	0	9	1158
aeon_high_1210	0.00129	0.001161	0.00000	0.000000	9	0	9	1161
aeon_high_0709	0.00129	0.001161	0.00000	0.000000	9	0	9	1161
aeon_high_0696	0.00129	0.001161	0.00000	0.000000	9	0	9	1161
aeon_high_1320	0.00114	0.001033	0.00000	0.000000	8	0	8	1033
aeon_high_1229	0.00114	0.001032	0.00000	0.000000	8	0	8	1032
aeon_high_1123	0.00114	0.001032	0.00000	0.000000	8	0	8	1032
aeon_high_1063	0.00114	0.001032	0.00000	0.000000	8	0	8	1032
aeon_high_1040	0.00114	0.001032	0.00000	0.000000	8	0	8	1032
aeon_high_0918	0.00114	0.001033	0.00000	0.000000	8	0	8	1033
aeon_high_0704	0.00114	0.001032	0.00000	0.000000	8	0	8	1032
aeon_high_1528	0.00100	0.000903	0.00000	0.000000	7	0	7	903
aeon_high_1381	0.00100	0.000903	0.00000	0.000000	7	0	7	903
aeon_high_1339	0.00100	0.000903	0.00000	0.000000	7	0	7	903
aeon_high_1262	0.00100	0.000903	0.00000	0.000000	7	0	7	903
aeon_high_1019	0.00100	0.000903	0.00000	0.000000	7	0	7	903
aeon_high_0917	0.00100	0.000903	0.00000	0.000000	7	0	7	903
aeon_high_0735	0.00100	0.000903	0.00000	0.000000	7	0	7	903
aeon_high_1476	0.00086	0.000750	0.00000	0.000000	6	0	6	750
aeon_high_1472	0.00086	0.000774	0.00000	0.000000	6	0	6	774
aeon_high_1343	0.00086	0.000774	0.00000	0.000000	6	0	6	774
aeon_high_0914	0.00086	0.000774	0.00000	0.000000	6	0	6	774
aeon_high_1445	0.00071	0.000645	0.00000	0.000000	5	0	5	645
aeon_high_1368	0.00071	0.000645	0.00000	0.000000	5	0	5	645
aeon_high_1029	0.00071	0.000646	0.00000	0.000000	5	0	5	646
aeon_high_0890	0.00071	0.000645	0.00000	0.000000	5	0	5	645
aeon_high_0836	0.00071	0.000645	0.00000	0.000000	5	0	5	645
aeon_high_0737	0.00071	0.000645	0.00000	0.000000	5	0	5	645
aeon_high_1300	0.00057	0.000516	0.00000	0.000000	4	0	4	516
aeon_high_1094	0.00057	0.000516	0.00000	0.000000	4	0	4	516
aeon_high_0798	0.00057	0.000516	0.00000	0.000000	4	0	4	516
aeon_high_0793	0.00057	0.000516	0.00000	0.000000	4	0	4	516
aeon_high_0777	0.00057	0.000516	0.00000	0.000000	4	0	4	516
aeon_high_1520	0.00043	0.000387	0.00000	0.000000	3	0	3	387
aeon_high_1435	0.00043	0.000387	0.00000	0.000000	3	0	3	387
aeon_high_1386	0.00043	0.000387	0.00000	0.000000	3	0	3	387
aeon_high_1380	0.00043	0.000387	0.00000	0.000000	3	0	3	387
aeon_high_1377	0.00043	0.000387	0.00000	0.000000	3	0	3	387
aeon_high_1194	0.00043	0.000387	0.00000	0.000000	3	0	3	387
aeon_high_1072	0.00043	0.000387	0.00000	0.000000	3	0	3	387
aeon_high_1030	0.00043	0.000387	0.00000	0.000000	3	0	3	387
aeon_high_1024	0.00043	0.000387	0.00000	0.000000	3	0	3	387
aeon_high_1401	0.00029	0.000258	0.00000	0.000000	2	0	2	258
aeon_high_1398	0.00029	0.000258	0.00000	0.000000	2	0	2	258
aeon_high_0981	0.00029	0.000258	0.00000	0.000000	2	0	2	258
aeon_high_0889	0.00029	0.000258	0.00000	0.000000	2	0	2	258
aeon_high_0760	0.00014	0.000129	0.00000	0.000000	1	0	1	129
